truth,lag,algorithm,seeds,episodes_per_seed,pseudo_regret_mean,pseudo_regret_sample_sd,expected_waste_mean,expected_waste_sample_sd,realized_cost_mean,realized_cost_sample_sd,prefix_exposure_mean,prefix_exposure_sample_sd,completion_exposure_mean,completion_exposure_sample_sd,intersection_exposure_mean,intersection_exposure_sample_sd,unresolved_mass_exposure_mean,unresolved_mass_exposure_sample_sd,confidence_exclusions_sum,safe_fallbacks_sum,maximum_prefix_debt,maximum_unreturned
0,0,completed,4,512,8.8271484375,1.628965966756092,282.38671875,15.203682356390193,1765.3125,8.302547299875302,420.9937192294352,13.183991503361876,420.9937192294352,13.183991503361876,420.9937192294352,13.183991503361876,0.0,0.0,0,0,0,0
0,0,intersection,4,512,8.8271484375,1.628965966756092,282.38671875,15.203682356390193,1765.3125,8.302547299875302,420.9937192294352,13.183991503361876,420.9937192294352,13.183991503361876,420.9937192294352,13.183991503361876,0.0,0.0,0,0,0,0
0,0,known,4,512,0.0,0.0,200.0,0.0,1755.0625,11.683990114682569,350.03807847335565,1.7747753377794984,350.03807847335565,1.7747753377794984,350.03807847335565,1.7747753377794984,0.0,0.0,0,0,0,0
0,0,plugin,4,512,0.833984375,0.9292428799379442,199.234375,5.422621676491378,1755.75,11.3852975367357,351.10550126790395,3.403460511309609,351.10550126790395,3.403460511309609,351.10550126790395,3.403460511309609,0.0,0.0,0,0,0,0
0,0,prefix,4,512,8.8271484375,1.628965966756092,282.38671875,15.203682356390193,1765.3125,8.302547299875302,420.9937192294352,13.183991503361876,420.9937192294352,13.183991503361876,420.9937192294352,13.183991503361876,0.0,0.0,0,0,0,0
0,0,product,4,512,34.0,0.0,0.0,0.0,1788.0,5.354126134736337,210.52212411275138,0.0,210.52212411275138,0.0,210.52212411275138,0.0,0.0,0.0,0,0,0,0
0,0,safe,4,512,34.0,0.0,0.0,0.0,1788.0,5.354126134736337,210.52212411275138,0.0,210.52212411275138,0.0,210.52212411275138,0.0,0.0,0.0,0,0,0,0
0,16,completed,4,512,8.40234375,1.6311388701370202,278.421875,15.223962787945522,1764.625,8.530582238823639,437.23691026697037,13.071866293648842,446.98626558992896,14.442461461578972,435.7504446759111,13.350397283377204,48.10142893306028,7.949934620290101,0,0,16,14
0,16,intersection,4,512,8.77587890625,1.6536617568643603,281.908203125,15.434176397400696,1765.25,8.30411544556874,438.43086794728083,14.076455936332746,448.1534300358112,15.496705754388538,436.90398872104737,14.393437975662748,48.18977902287098,7.977035475163977,0,0,16,14
0,16,known,4,512,0.0,0.0,200.0,0.0,1755.0625,11.683990114682569,365.229398805139,2.396841786585495,375.2249077637127,1.2798559234888838,364.2779702001426,2.0142041293139403,43.3538188930647,5.121495927941399,0,0,16,14
0,16,plugin,4,512,1.15771484375,1.4449089517915257,196.193359375,8.693973754665349,1756.875,11.417274922969433,365.01355712891456,4.799029707154838,375.0248851911657,3.5155194935738554,364.0881109012146,4.355942008512507,41.835549543482145,4.329155565590265,0,0,16,14
0,16,prefix,4,512,9.09375,1.543631186913162,284.875,14.407224411189512,1765.4375,8.315084184781295,440.15706799530676,12.902964833805273,449.84457868745653,14.34953914214909,438.582258220345,13.266450498114699,48.258960708156486,7.973468723661891,0,0,16,14
0,16,product,4,512,34.0,0.0,0.0,0.0,1788.0,5.354126134736337,222.0384910316813,0.11871869765921221,231.58889503945795,1.2576888661338803,221.74306145254323,0.32057661832160467,34.89487284890514,3.959864737848917,0,0,16,14
0,16,safe,4,512,34.0,0.0,0.0,0.0,1788.0,5.354126134736337,222.0384910316813,0.11871869765921221,231.58889503945795,1.2576888661338803,221.74306145254323,0.32057661832160467,34.89487284890514,3.959864737848917,0,0,16,14
0,64,completed,4,512,10.25,2.9949399872691522,270.5234375,36.06735032914984,1770.3125,6.571323433423945,488.22243792911775,27.201981900042874,506.3892278586505,29.401314788233787,478.90271400305863,27.895247219405704,127.94617643852888,20.116530311424825,91,91,64,42
0,64,intersection,4,512,9.73828125,2.4556164572380994,281.546875,14.738819087224645,1766.375,8.387739067631196,499.4659613992224,17.005926989642983,516.0740200434026,19.8339756410372,488.60407095938604,18.460016731259717,134.03913531862028,18.35027802831256,0,0,64,42
0,64,known,4,512,0.0,0.0,200.0,0.0,1755.0625,11.683990114682569,416.89774373180416,3.3307988353036078,437.0599101510719,2.1147258436106324,409.7734484237928,2.643468811706782,120.73947145403112,11.490185504675344,0,0,64,42
0,64,plugin,4,512,0.97216796875,1.082973762896513,197.240234375,6.604341362248136,1755.5,13.436579425831065,417.00217752679555,4.780184776593409,437.118636797775,2.3800214687950407,409.93385373424707,3.290522100701595,118.50137426553974,10.733167030262772,0,0,64,42
0,64,prefix,4,512,11.109375,1.7320442003067953,303.6875,16.16574586953009,1769.1875,7.394747572883517,516.1687707665632,11.912546451771528,530.9149632848607,16.005914256822578,503.32382580115024,14.618988540247436,135.34557202369277,18.05294377899403,0,0,64,42
0,64,product,4,512,34.0,0.0,0.0,0.0,1788.0,5.354126134736337,258.4348463269851,0.11667139314004961,282.4949187471451,3.0338343376764567,256.4606300614016,1.804691262425482,96.95551932963102,8.77543451920041,0,0,64,42
0,64,safe,4,512,34.0,0.0,0.0,0.0,1788.0,5.354126134736337,258.4348463269851,0.11667139314004961,282.4949187471451,3.0338343376764567,256.4606300614016,1.804691262425482,96.95551932963102,8.77543451920041,0,0,64,42
8,0,completed,4,512,0.0,0.0,248.0,0.0,1531.5625,15.377709788305063,491.35938937199273,0.3899920519281404,491.35938937199273,0.3899920519281404,491.35938937199273,0.3899920519281404,0.0,0.0,0,0,0,0
8,0,intersection,4,512,0.0,0.0,248.0,0.0,1531.5625,15.377709788305063,491.35938937199273,0.3899920519281404,491.35938937199273,0.3899920519281404,491.35938937199273,0.3899920519281404,0.0,0.0,0,0,0,0
8,0,known,4,512,0.0,0.0,248.0,0.0,1531.5625,15.377709788305063,491.35938937199273,0.3899920519281404,491.35938937199273,0.3899920519281404,491.35938937199273,0.3899920519281404,0.0,0.0,0,0,0,0
8,0,plugin,4,512,12.06201171875,23.79702955109371,213.958984375,68.26965999050915,1539.9375,21.83019220407064,461.1155591959344,60.83892085752953,461.1155591959344,60.83892085752953,461.1155591959344,60.83892085752953,0.0,0.0,0,0,0,0
8,0,prefix,4,512,0.0,0.0,248.0,0.0,1531.5625,15.377709788305063,491.35938937199273,0.3899920519281404,491.35938937199273,0.3899920519281404,491.35938937199273,0.3899920519281404,0.0,0.0,0,0,0,0
8,0,product,4,512,0.0,0.0,248.0,0.0,1531.5625,15.377709788305063,491.35938937199273,0.3899920519281404,491.35938937199273,0.3899920519281404,491.35938937199273,0.3899920519281404,0.0,0.0,0,0,0,0
8,0,safe,4,512,286.0,0.0,0.0,0.0,1798.25,10.874281585465774,210.52212411275138,0.0,210.52212411275138,0.0,210.52212411275138,0.0,0.0,0.0,0,0,0,0
8,16,completed,4,512,0.0,0.0,248.0,0.0,1531.5625,15.377709788305063,512.8799473003019,0.28764884152638837,536.7544167573524,0.6538691797782006,512.7453338361163,0.3260966217075188,85.1206818412923,7.067963040307086,0,0,16,13
8,16,intersection,4,512,0.0,0.0,248.0,0.0,1531.5625,15.377709788305063,512.8799473003019,0.28764884152638837,536.7544167573524,0.6538691797782006,512.7453338361163,0.3260966217075188,85.1206818412923,7.067963040307086,0,0,16,13
8,16,known,4,512,0.0,0.0,248.0,0.0,1531.5625,15.377709788305063,512.8799473003019,0.28764884152638837,536.7544167573524,0.6538691797782006,512.7453338361163,0.3260966217075188,85.1206818412923,7.067963040307086,0,0,16,13
8,16,plugin,4,512,2.20703125,2.919320633821058,246.046875,2.188067262758201,1535.5,12.249149630348494,511.3192430686844,1.8925799063719668,535.0661378406505,2.4395018408725324,511.18284577024474,1.9408598380565627,83.09689514936949,9.364536320094679,0,0,16,13
8,16,prefix,4,512,0.0,0.0,248.0,0.0,1531.5625,15.377709788305063,512.8799473003019,0.28764884152638837,536.7544167573524,0.6538691797782006,512.7453338361163,0.3260966217075188,85.1206818412923,7.067963040307086,0,0,16,13
8,16,product,4,512,0.0,0.0,248.0,0.0,1531.5625,15.377709788305063,512.8799473003019,0.28764884152638837,536.7544167573524,0.6538691797782006,512.7453338361163,0.3260966217075188,85.1206818412923,7.067963040307086,0,0,16,13
8,16,safe,4,512,286.0,0.0,0.0,0.0,1798.25,10.874281585465774,221.99576334132257,0.1794553840495684,232.1080748086228,1.1778365393510146,221.8708899514589,0.21150067822900945,33.8582723625235,4.468936316599105,0,0,16,13
8,64,completed,4,512,11.5908203125,9.881216611409664,237.94921875,8.568327691012577,1542.5,14.07716827585245,572.9102754093484,6.903881352067274,636.2371852426833,9.205715517914483,572.0640719970925,7.363464550544035,228.99682682295094,24.387756070893516,83,83,64,45
8,64,intersection,4,512,0.0,0.0,248.0,0.0,1531.5625,15.377709788305063,580.6833634378538,0.5395703983582197,644.6353249307997,3.17163518187681,579.837160025598,1.3329096333856525,240.51785496975913,14.716731064635562,0,0,64,45
8,64,known,4,512,0.0,0.0,248.0,0.0,1531.5625,15.377709788305063,580.6833634378538,0.5395703983582197,644.6353249307997,3.17163518187681,579.837160025598,1.3329096333856525,240.51785496975913,14.716731064635562,0,0,64,45
8,64,plugin,4,512,7.2998046875,3.8767012276479687,231.49609375,5.5132619318245935,1541.0,11.028372500056388,570.0167747129694,4.490527274356738,632.9151900439106,7.640747675597141,569.1692303797543,5.232001576142821,228.20879830731,16.495270766655675,0,0,64,45
8,64,prefix,4,512,0.0,0.0,248.0,0.0,1531.5625,15.377709788305063,580.6833634378538,0.5395703983582197,644.6353249307997,3.17163518187681,579.837160025598,1.3329096333856525,240.51785496975913,14.716731064635562,0,0,64,45
8,64,product,4,512,0.0,0.0,248.0,0.0,1531.5625,15.377709788305063,580.6833634378538,0.5395703983582197,644.6353249307997,3.17163518187681,579.837160025598,1.3329096333856525,240.51785496975913,14.716731064635562,0,0,64,45
8,64,safe,4,512,286.0,0.0,0.0,0.0,1798.25,10.874281585465774,258.3908533045211,0.18009987187548035,284.0551278271764,3.1447599376535207,257.54464989226517,1.0843981845123933,96.44428208090488,9.629316755548878,0,0,64,45
20,0,completed,4,512,18.4638671875,5.235745044777248,213.24609375,52.03682578513959,1564.625,10.52873053443133,444.45639742743805,28.52224671345422,444.45639742743805,28.52224671345422,444.45639742743805,28.52224671345422,0.0,0.0,0,0,0,0
20,0,intersection,4,512,18.4638671875,5.235745044777248,213.24609375,52.03682578513959,1564.625,10.52873053443133,444.45639742743805,28.52224671345422,444.45639742743805,28.52224671345422,444.45639742743805,28.52224671345422,0.0,0.0,0,0,0,0
20,0,known,4,512,0.0,0.0,108.0,0.0,1550.625,13.736356867816154,360.8657644734474,1.8675803044428338,360.8657644734474,1.8675803044428338,360.8657644734474,1.8675803044428338,0.0,0.0,0,0,0,0
20,0,plugin,4,512,3.3427734375,2.6747885837374246,114.04296875,4.845939945131689,1552.5625,12.278665440511032,367.0125158346775,5.737733302671588,367.0125158346775,5.737733302671588,367.0125158346775,5.737733302671588,0.0,0.0,0,0,0,0
20,0,prefix,4,512,18.4638671875,5.235745044777248,213.24609375,52.03682578513959,1564.625,10.52873053443133,444.45639742743805,28.52224671345422,444.45639742743805,28.52224671345422,444.45639742743805,28.52224671345422,0.0,0.0,0,0,0,0
20,0,product,4,512,0.0,0.0,108.0,0.0,1550.625,13.736356867816154,360.8657644734474,1.8675803044428338,360.8657644734474,1.8675803044428338,360.8657644734474,1.8675803044428338,0.0,0.0,0,0,0,0
20,0,safe,4,512,237.0,0.0,0.0,0.0,1787.75,3.4034296427770228,210.52212411275138,0.0,210.52212411275138,0.0,210.52212411275138,0.0,0.0,0.0,0,0,0,0
20,16,completed,4,512,20.44970703125,3.880025373749499,211.416015625,48.060301890415246,1565.125,9.040418500637383,462.7596057430374,27.509233382036292,481.4338788214419,27.877609428663508,462.3859969953904,27.410448406593137,75.95487895186923,4.047664011741421,0,0,16,14
20,16,intersection,4,512,24.021484375,5.240390035464495,200.4296875,45.79026814975604,1572.9375,7.61406319472943,454.81531742947124,26.069914513694837,473.4593481810489,27.003866856637888,454.44562093739546,25.944451063298686,74.80254013105332,4.155643784316183,0,0,16,14
20,16,known,4,512,0.0,0.0,108.0,0.0,1550.625,13.736356867816154,378.47034784404764,2.0642988099798685,396.9240494080573,2.9188095065438064,378.3537722514197,2.0936347503239086,66.76833290320359,4.961680626909173,0,0,16,14
20,16,plugin,4,512,5.49462890625,4.577333175699921,125.853515625,22.066646888624167,1554.75,10.712142642814275,396.0397981513516,22.4122819764641,414.4756438873712,22.84571981634615,395.92599039746096,22.26287279140014,70.50813885633018,4.769791520637233,0,0,16,14
20,16,prefix,4,512,25.826171875,4.659215064132009,206.4921875,47.75350603743339,1574.5,10.364201207361166,458.1451000277057,26.6637604570768,476.81510372393643,27.425989263186054,457.7875733666324,26.530119554952687,74.66052005827788,4.024931984693753,0,0,16,14
20,16,product,4,512,0.0,0.0,108.0,0.0,1550.625,13.736356867816154,378.47034784404764,2.0642988099798685,396.9240494080573,2.9188095065438064,378.3537722514197,2.0936347503239086,66.76833290320359,4.961680626909173,0,0,16,14
20,16,safe,4,512,237.0,0.0,0.0,0.0,1787.75,3.4034296427770228,222.11035173924444,0.06562674373429485,232.2600835511805,0.7167885223361576,222.00976100055433,0.21035692118784968,35.729349199592505,3.8839763798157287,0,0,16,14
20,64,completed,4,512,23.29833984375,6.308331992562008,205.802734375,32.64504728038354,1568.6875,8.924159624300767,521.7278485006508,19.729309297073023,566.2951644282805,20.974478018181927,517.9930972717556,19.473044945245537,197.4341607383288,9.70223644520324,39,39,64,41
20,64,intersection,4,512,27.2412109375,6.660738629993418,205.32421875,41.87479618459417,1576.5,8.645808232895291,520.8250132877633,25.861308370168615,564.8545918172711,28.130563201209483,516.9146695438294,26.263439624294183,201.66226268991824,10.340453523519729,0,0,64,41
20,64,known,4,512,0.0,0.0,108.0,0.0,1550.625,13.736356867816154,432.9175001018931,2.972312819696318,481.0381583369353,6.023075852895212,431.9409945862459,2.660591111772683,183.44870366900608,9.359875602743232,0,0,64,41
20,64,plugin,4,512,5.91796875,5.3411044883770735,118.7109375,13.738179992933167,1554.75,13.205112646244256,445.8214430237454,17.048897306594466,493.3636137711021,18.999802651154326,444.836991711063,16.672175277316214,185.5544062484592,8.807739155657542,0,0,64,41
20,64,prefix,4,512,51.255859375,4.0094895649511075,213.8359375,39.29332996352429,1602.6875,10.425079935744698,529.8081179840326,20.749762305389385,569.0014472167411,25.010518844776993,523.4670982072421,21.45839361943982,202.0824187375038,9.21195298510305,0,0,64,41
20,64,product,4,512,0.0,0.0,108.0,0.0,1550.625,13.736356867816154,432.9175001018931,2.972312819696318,481.0381583369353,6.023075852895212,431.9409945862459,2.660591111772683,183.44870366900608,9.359875602743232,0,0,64,41
20,64,safe,4,512,237.0,0.0,0.0,0.0,1787.75,3.4034296427770228,258.50521596435834,0.06431813413056424,283.5854015226159,3.2064571241357234,257.52871044871114,0.5278615688140214,99.20174268365676,7.235068645339618,0,0,64,41
