model,correlation,success0,success1,policy,actions,residual,waste
0,-3/4,1/4,1/4,0,0 0 0,2,0
0,-3/4,1/4,1/4,1,0 0 1,495/256,25/64
0,-3/4,1/4,1/4,2,0 0 2,537/256,31/64
0,-3/4,1/4,1/4,3,0 1 0,135/64,7/16
0,-3/4,1/4,1/4,4,0 1 1,523/256,53/64
0,-3/4,1/4,1/4,5,0 1 2,565/256,59/64
0,-3/4,1/4,1/4,6,0 2 0,1045/512,49/128
0,-3/4,1/4,1/4,7,0 2 1,1011/512,99/128
0,-3/4,1/4,1/4,8,0 2 2,1095/512,111/128
0,-3/4,1/4,1/4,9,1 0 0,1027/512,7/128
0,-3/4,1/4,1/4,10,1 0 1,993/512,57/128
0,-3/4,1/4,1/4,11,1 0 2,1077/512,69/128
0,-3/4,1/4,1/4,12,1 1 0,1083/512,63/128
0,-3/4,1/4,1/4,13,1 1 1,1049/512,113/128
0,-3/4,1/4,1/4,14,1 1 2,1133/512,125/128
0,-3/4,1/4,1/4,15,1 2 0,131/64,7/16
0,-3/4,1/4,1/4,16,1 2 1,507/256,53/64
0,-3/4,1/4,1/4,17,1 2 2,549/256,59/64
0,-3/4,1/4,1/4,18,2 0 0,129/64,1/16
0,-3/4,1/4,1/4,19,2 0 1,499/256,29/64
0,-3/4,1/4,1/4,20,2 0 2,541/256,35/64
0,-3/4,1/4,1/4,21,2 1 0,17/8,1/2
0,-3/4,1/4,1/4,22,2 1 1,527/256,57/64
0,-3/4,1/4,1/4,23,2 1 2,569/256,63/64
0,-3/4,1/4,1/4,24,2 2 0,1053/512,57/128
0,-3/4,1/4,1/4,25,2 2 1,1019/512,107/128
0,-3/4,1/4,1/4,26,2 2 2,1103/512,119/128
1,-3/4,1/4,1/2,0,0 0 0,2,0
1,-3/4,1/4,1/2,1,0 0 1,495/256,25/64
1,-3/4,1/4,1/2,2,0 0 2,265/128,15/32
1,-3/4,1/4,1/2,3,0 1 0,135/64,7/16
1,-3/4,1/4,1/2,4,0 1 1,523/256,53/64
1,-3/4,1/4,1/2,5,0 1 2,279/128,29/32
1,-3/4,1/4,1/2,6,0 2 0,505/256,21/64
1,-3/4,1/4,1/2,7,0 2 1,61/32,23/32
1,-3/4,1/4,1/2,8,0 2 2,523/256,51/64
1,-3/4,1/4,1/2,9,1 0 0,1027/512,7/128
1,-3/4,1/4,1/2,10,1 0 1,993/512,57/128
1,-3/4,1/4,1/2,11,1 0 2,1063/512,67/128
1,-3/4,1/4,1/2,12,1 1 0,1083/512,63/128
1,-3/4,1/4,1/2,13,1 1 1,1049/512,113/128
1,-3/4,1/4,1/2,14,1 1 2,1119/512,123/128
1,-3/4,1/4,1/2,15,1 2 0,1013/512,49/128
1,-3/4,1/4,1/2,16,1 2 1,979/512,99/128
1,-3/4,1/4,1/2,17,1 2 2,1049/512,109/128
1,-3/4,1/4,1/2,18,2 0 0,129/64,1/16
1,-3/4,1/4,1/2,19,2 0 1,499/256,29/64
1,-3/4,1/4,1/2,20,2 0 2,267/128,17/32
1,-3/4,1/4,1/2,21,2 1 0,17/8,1/2
1,-3/4,1/4,1/2,22,2 1 1,527/256,57/64
1,-3/4,1/4,1/2,23,2 1 2,281/128,31/32
1,-3/4,1/4,1/2,24,2 2 0,509/256,25/64
1,-3/4,1/4,1/2,25,2 2 1,123/64,25/32
1,-3/4,1/4,1/2,26,2 2 2,527/256,55/64
2,-3/4,1/4,3/4,0,0 0 0,2,0
2,-3/4,1/4,3/4,1,0 0 1,495/256,25/64
2,-3/4,1/4,3/4,2,0 0 2,523/256,29/64
2,-3/4,1/4,3/4,3,0 1 0,135/64,7/16
2,-3/4,1/4,3/4,4,0 1 1,523/256,53/64
2,-3/4,1/4,3/4,5,0 1 2,551/256,57/64
2,-3/4,1/4,3/4,6,0 2 0,975/512,35/128
2,-3/4,1/4,3/4,7,0 2 1,941/512,85/128
2,-3/4,1/4,3/4,8,0 2 2,997/512,93/128
2,-3/4,1/4,3/4,9,1 0 0,1027/512,7/128
2,-3/4,1/4,3/4,10,1 0 1,993/512,57/128
2,-3/4,1/4,3/4,11,1 0 2,1049/512,65/128
2,-3/4,1/4,3/4,12,1 1 0,1083/512,63/128
2,-3/4,1/4,3/4,13,1 1 1,1049/512,113/128
2,-3/4,1/4,3/4,14,1 1 2,1105/512,121/128
2,-3/4,1/4,3/4,15,1 2 0,489/256,21/64
2,-3/4,1/4,3/4,16,1 2 1,59/32,23/32
2,-3/4,1/4,3/4,17,1 2 2,125/64,25/32
2,-3/4,1/4,3/4,18,2 0 0,129/64,1/16
2,-3/4,1/4,3/4,19,2 0 1,499/256,29/64
2,-3/4,1/4,3/4,20,2 0 2,527/256,33/64
2,-3/4,1/4,3/4,21,2 1 0,17/8,1/2
2,-3/4,1/4,3/4,22,2 1 1,527/256,57/64
2,-3/4,1/4,3/4,23,2 1 2,555/256,61/64
2,-3/4,1/4,3/4,24,2 2 0,983/512,43/128
2,-3/4,1/4,3/4,25,2 2 1,949/512,93/128
2,-3/4,1/4,3/4,26,2 2 2,1005/512,101/128
3,-3/4,1/2,1/4,0,0 0 0,2,0
3,-3/4,1/2,1/4,1,0 0 1,223/128,9/32
3,-3/4,1/2,1/4,2,0 0 2,537/256,31/64
3,-3/4,1/2,1/4,3,0 1 0,135/64,7/16
3,-3/4,1/2,1/4,4,0 1 1,237/128,23/32
3,-3/4,1/2,1/4,5,0 1 2,565/256,59/64
3,-3/4,1/2,1/4,6,0 2 0,1045/512,49/128
3,-3/4,1/2,1/4,7,0 2 1,913/512,85/128
3,-3/4,1/2,1/4,8,0 2 2,1095/512,111/128
3,-3/4,1/2,1/4,9,1 0 0,511/256,3/64
3,-3/4,1/2,1/4,10,1 0 1,445/256,21/64
3,-3/4,1/2,1/4,11,1 0 2,67/32,17/32
3,-3/4,1/2,1/4,12,1 1 0,539/256,31/64
3,-3/4,1/2,1/4,13,1 1 1,473/256,49/64
3,-3/4,1/2,1/4,14,1 1 2,141/64,31/32
3,-3/4,1/2,1/4,15,1 2 0,1043/512,55/128
3,-3/4,1/2,1/4,16,1 2 1,911/512,91/128
3,-3/4,1/2,1/4,17,1 2 2,1093/512,117/128
3,-3/4,1/2,1/4,18,2 0 0,129/64,1/16
3,-3/4,1/2,1/4,19,2 0 1,225/128,11/32
3,-3/4,1/2,1/4,20,2 0 2,541/256,35/64
3,-3/4,1/2,1/4,21,2 1 0,17/8,1/2
3,-3/4,1/2,1/4,22,2 1 1,239/128,25/32
3,-3/4,1/2,1/4,23,2 1 2,569/256,63/64
3,-3/4,1/2,1/4,24,2 2 0,1053/512,57/128
3,-3/4,1/2,1/4,25,2 2 1,921/512,93/128
3,-3/4,1/2,1/4,26,2 2 2,1103/512,119/128
4,-3/4,1/2,1/2,0,0 0 0,2,0
4,-3/4,1/2,1/2,1,0 0 1,223/128,9/32
4,-3/4,1/2,1/2,2,0 0 2,265/128,15/32
4,-3/4,1/2,1/2,3,0 1 0,135/64,7/16
4,-3/4,1/2,1/2,4,0 1 1,237/128,23/32
4,-3/4,1/2,1/2,5,0 1 2,279/128,29/32
4,-3/4,1/2,1/2,6,0 2 0,505/256,21/64
4,-3/4,1/2,1/2,7,0 2 1,439/256,39/64
4,-3/4,1/2,1/2,8,0 2 2,523/256,51/64
4,-3/4,1/2,1/2,9,1 0 0,511/256,3/64
4,-3/4,1/2,1/2,10,1 0 1,445/256,21/64
4,-3/4,1/2,1/2,11,1 0 2,529/256,33/64
4,-3/4,1/2,1/2,12,1 1 0,539/256,31/64
4,-3/4,1/2,1/2,13,1 1 1,473/256,49/64
4,-3/4,1/2,1/2,14,1 1 2,557/256,61/64
4,-3/4,1/2,1/2,15,1 2 0,63/32,3/8
4,-3/4,1/2,1/2,16,1 2 1,219/128,21/32
4,-3/4,1/2,1/2,17,1 2 2,261/128,27/32
4,-3/4,1/2,1/2,18,2 0 0,129/64,1/16
4,-3/4,1/2,1/2,19,2 0 1,225/128,11/32
4,-3/4,1/2,1/2,20,2 0 2,267/128,17/32
4,-3/4,1/2,1/2,21,2 1 0,17/8,1/2
4,-3/4,1/2,1/2,22,2 1 1,239/128,25/32
4,-3/4,1/2,1/2,23,2 1 2,281/128,31/32
4,-3/4,1/2,1/2,24,2 2 0,509/256,25/64
4,-3/4,1/2,1/2,25,2 2 1,443/256,43/64
4,-3/4,1/2,1/2,26,2 2 2,527/256,55/64
5,-3/4,1/2,3/4,0,0 0 0,2,0
5,-3/4,1/2,3/4,1,0 0 1,223/128,9/32
5,-3/4,1/2,3/4,2,0 0 2,523/256,29/64
5,-3/4,1/2,3/4,3,0 1 0,135/64,7/16
5,-3/4,1/2,3/4,4,0 1 1,237/128,23/32
5,-3/4,1/2,3/4,5,0 1 2,551/256,57/64
5,-3/4,1/2,3/4,6,0 2 0,975/512,35/128
5,-3/4,1/2,3/4,7,0 2 1,843/512,71/128
5,-3/4,1/2,3/4,8,0 2 2,997/512,93/128
5,-3/4,1/2,3/4,9,1 0 0,511/256,3/64
5,-3/4,1/2,3/4,10,1 0 1,445/256,21/64
5,-3/4,1/2,3/4,11,1 0 2,261/128,1/2
5,-3/4,1/2,3/4,12,1 1 0,539/256,31/64
5,-3/4,1/2,3/4,13,1 1 1,473/256,49/64
5,-3/4,1/2,3/4,14,1 1 2,275/128,15/16
5,-3/4,1/2,3/4,15,1 2 0,973/512,41/128
5,-3/4,1/2,3/4,16,1 2 1,841/512,77/128
5,-3/4,1/2,3/4,17,1 2 2,995/512,99/128
5,-3/4,1/2,3/4,18,2 0 0,129/64,1/16
5,-3/4,1/2,3/4,19,2 0 1,225/128,11/32
5,-3/4,1/2,3/4,20,2 0 2,527/256,33/64
5,-3/4,1/2,3/4,21,2 1 0,17/8,1/2
5,-3/4,1/2,3/4,22,2 1 1,239/128,25/32
5,-3/4,1/2,3/4,23,2 1 2,555/256,61/64
5,-3/4,1/2,3/4,24,2 2 0,983/512,43/128
5,-3/4,1/2,3/4,25,2 2 1,851/512,79/128
5,-3/4,1/2,3/4,26,2 2 2,1005/512,101/128
6,-3/4,3/4,1/4,0,0 0 0,2,0
6,-3/4,3/4,1/4,1,0 0 1,397/256,11/64
6,-3/4,3/4,1/4,2,0 0 2,537/256,31/64
6,-3/4,3/4,1/4,3,0 1 0,135/64,7/16
6,-3/4,3/4,1/4,4,0 1 1,425/256,39/64
6,-3/4,3/4,1/4,5,0 1 2,565/256,59/64
6,-3/4,3/4,1/4,6,0 2 0,1045/512,49/128
6,-3/4,3/4,1/4,7,0 2 1,815/512,71/128
6,-3/4,3/4,1/4,8,0 2 2,1095/512,111/128
6,-3/4,3/4,1/4,9,1 0 0,1017/512,5/128
6,-3/4,3/4,1/4,10,1 0 1,787/512,27/128
6,-3/4,3/4,1/4,11,1 0 2,1067/512,67/128
6,-3/4,3/4,1/4,12,1 1 0,1073/512,61/128
6,-3/4,3/4,1/4,13,1 1 1,843/512,83/128
6,-3/4,3/4,1/4,14,1 1 2,1123/512,123/128
6,-3/4,3/4,1/4,15,1 2 0,519/256,27/64
6,-3/4,3/4,1/4,16,1 2 1,101/64,19/32
6,-3/4,3/4,1/4,17,1 2 2,17/8,29/32
6,-3/4,3/4,1/4,18,2 0 0,129/64,1/16
6,-3/4,3/4,1/4,19,2 0 1,401/256,15/64
6,-3/4,3/4,1/4,20,2 0 2,541/256,35/64
6,-3/4,3/4,1/4,21,2 1 0,17/8,1/2
6,-3/4,3/4,1/4,22,2 1 1,429/256,43/64
6,-3/4,3/4,1/4,23,2 1 2,569/256,63/64
6,-3/4,3/4,1/4,24,2 2 0,1053/512,57/128
6,-3/4,3/4,1/4,25,2 2 1,823/512,79/128
6,-3/4,3/4,1/4,26,2 2 2,1103/512,119/128
7,-3/4,3/4,1/2,0,0 0 0,2,0
7,-3/4,3/4,1/2,1,0 0 1,397/256,11/64
7,-3/4,3/4,1/2,2,0 0 2,265/128,15/32
7,-3/4,3/4,1/2,3,0 1 0,135/64,7/16
7,-3/4,3/4,1/2,4,0 1 1,425/256,39/64
7,-3/4,3/4,1/2,5,0 1 2,279/128,29/32
7,-3/4,3/4,1/2,6,0 2 0,505/256,21/64
7,-3/4,3/4,1/2,7,0 2 1,195/128,1/2
7,-3/4,3/4,1/2,8,0 2 2,523/256,51/64
7,-3/4,3/4,1/2,9,1 0 0,1017/512,5/128
7,-3/4,3/4,1/2,10,1 0 1,787/512,27/128
7,-3/4,3/4,1/2,11,1 0 2,1053/512,65/128
7,-3/4,3/4,1/2,12,1 1 0,1073/512,61/128
7,-3/4,3/4,1/2,13,1 1 1,843/512,83/128
7,-3/4,3/4,1/2,14,1 1 2,1109/512,121/128
7,-3/4,3/4,1/2,15,1 2 0,1003/512,47/128
7,-3/4,3/4,1/2,16,1 2 1,773/512,69/128
7,-3/4,3/4,1/2,17,1 2 2,1039/512,107/128
7,-3/4,3/4,1/2,18,2 0 0,129/64,1/16
7,-3/4,3/4,1/2,19,2 0 1,401/256,15/64
7,-3/4,3/4,1/2,20,2 0 2,267/128,17/32
7,-3/4,3/4,1/2,21,2 1 0,17/8,1/2
7,-3/4,3/4,1/2,22,2 1 1,429/256,43/64
7,-3/4,3/4,1/2,23,2 1 2,281/128,31/32
7,-3/4,3/4,1/2,24,2 2 0,509/256,25/64
7,-3/4,3/4,1/2,25,2 2 1,197/128,9/16
7,-3/4,3/4,1/2,26,2 2 2,527/256,55/64
8,-3/4,3/4,3/4,0,0 0 0,2,0
8,-3/4,3/4,3/4,1,0 0 1,397/256,11/64
8,-3/4,3/4,3/4,2,0 0 2,523/256,29/64
8,-3/4,3/4,3/4,3,0 1 0,135/64,7/16
8,-3/4,3/4,3/4,4,0 1 1,425/256,39/64
8,-3/4,3/4,3/4,5,0 1 2,551/256,57/64
8,-3/4,3/4,3/4,6,0 2 0,975/512,35/128
8,-3/4,3/4,3/4,7,0 2 1,745/512,57/128
8,-3/4,3/4,3/4,8,0 2 2,997/512,93/128
8,-3/4,3/4,3/4,9,1 0 0,1017/512,5/128
8,-3/4,3/4,3/4,10,1 0 1,787/512,27/128
8,-3/4,3/4,3/4,11,1 0 2,1039/512,63/128
8,-3/4,3/4,3/4,12,1 1 0,1073/512,61/128
8,-3/4,3/4,3/4,13,1 1 1,843/512,83/128
8,-3/4,3/4,3/4,14,1 1 2,1095/512,119/128
8,-3/4,3/4,3/4,15,1 2 0,121/64,5/16
8,-3/4,3/4,3/4,16,1 2 1,369/256,31/64
8,-3/4,3/4,3/4,17,1 2 2,495/256,49/64
8,-3/4,3/4,3/4,18,2 0 0,129/64,1/16
8,-3/4,3/4,3/4,19,2 0 1,401/256,15/64
8,-3/4,3/4,3/4,20,2 0 2,527/256,33/64
8,-3/4,3/4,3/4,21,2 1 0,17/8,1/2
8,-3/4,3/4,3/4,22,2 1 1,429/256,43/64
8,-3/4,3/4,3/4,23,2 1 2,555/256,61/64
8,-3/4,3/4,3/4,24,2 2 0,983/512,43/128
8,-3/4,3/4,3/4,25,2 2 1,753/512,65/128
8,-3/4,3/4,3/4,26,2 2 2,1005/512,101/128
9,0,1/4,1/4,0,0 0 0,2,0
9,0,1/4,1/4,1,0 0 1,129/64,7/16
9,0,1/4,1/4,2,0 0 2,129/64,7/16
9,0,1/4,1/4,3,0 1 0,33/16,1/4
9,0,1/4,1/4,4,0 1 1,133/64,11/16
9,0,1/4,1/4,5,0 1 2,133/64,11/16
9,0,1/4,1/4,6,0 2 0,259/128,7/32
9,0,1/4,1/4,7,0 2 1,261/128,21/32
9,0,1/4,1/4,8,0 2 2,261/128,21/32
9,0,1/4,1/4,9,1 0 0,259/128,7/32
9,0,1/4,1/4,10,1 0 1,261/128,21/32
9,0,1/4,1/4,11,1 0 2,261/128,21/32
9,0,1/4,1/4,12,1 1 0,267/128,15/32
9,0,1/4,1/4,13,1 1 1,269/128,29/32
9,0,1/4,1/4,14,1 1 2,269/128,29/32
9,0,1/4,1/4,15,1 2 0,131/64,7/16
9,0,1/4,1/4,16,1 2 1,33/16,7/8
9,0,1/4,1/4,17,1 2 2,33/16,7/8
9,0,1/4,1/4,18,2 0 0,33/16,1/4
9,0,1/4,1/4,19,2 0 1,133/64,11/16
9,0,1/4,1/4,20,2 0 2,133/64,11/16
9,0,1/4,1/4,21,2 1 0,17/8,1/2
9,0,1/4,1/4,22,2 1 1,137/64,15/16
9,0,1/4,1/4,23,2 1 2,137/64,15/16
9,0,1/4,1/4,24,2 2 0,267/128,15/32
9,0,1/4,1/4,25,2 2 1,269/128,29/32
9,0,1/4,1/4,26,2 2 2,269/128,29/32
10,0,1/4,1/2,0,0 0 0,2,0
10,0,1/4,1/2,1,0 0 1,129/64,7/16
10,0,1/4,1/2,2,0 0 2,61/32,3/8
10,0,1/4,1/2,3,0 1 0,33/16,1/4
10,0,1/4,1/2,4,0 1 1,133/64,11/16
10,0,1/4,1/2,5,0 1 2,63/32,5/8
10,0,1/4,1/2,6,0 2 0,127/64,3/16
10,0,1/4,1/2,7,0 2 1,2,5/8
10,0,1/4,1/2,8,0 2 2,121/64,9/16
10,0,1/4,1/2,9,1 0 0,259/128,7/32
10,0,1/4,1/2,10,1 0 1,261/128,21/32
10,0,1/4,1/2,11,1 0 2,247/128,19/32
10,0,1/4,1/2,12,1 1 0,267/128,15/32
10,0,1/4,1/2,13,1 1 1,269/128,29/32
10,0,1/4,1/2,14,1 1 2,255/128,27/32
10,0,1/4,1/2,15,1 2 0,257/128,13/32
10,0,1/4,1/2,16,1 2 1,259/128,27/32
10,0,1/4,1/2,17,1 2 2,245/128,25/32
10,0,1/4,1/2,18,2 0 0,33/16,1/4
10,0,1/4,1/2,19,2 0 1,133/64,11/16
10,0,1/4,1/2,20,2 0 2,63/32,5/8
10,0,1/4,1/2,21,2 1 0,17/8,1/2
10,0,1/4,1/2,22,2 1 1,137/64,15/16
10,0,1/4,1/2,23,2 1 2,65/32,7/8
10,0,1/4,1/2,24,2 2 0,131/64,7/16
10,0,1/4,1/2,25,2 2 1,33/16,7/8
10,0,1/4,1/2,26,2 2 2,125/64,13/16
11,0,1/4,3/4,0,0 0 0,2,0
11,0,1/4,3/4,1,0 0 1,129/64,7/16
11,0,1/4,3/4,2,0 0 2,115/64,5/16
11,0,1/4,3/4,3,0 1 0,33/16,1/4
11,0,1/4,3/4,4,0 1 1,133/64,11/16
11,0,1/4,3/4,5,0 1 2,119/64,9/16
11,0,1/4,3/4,6,0 2 0,249/128,5/32
11,0,1/4,3/4,7,0 2 1,251/128,19/32
11,0,1/4,3/4,8,0 2 2,223/128,15/32
11,0,1/4,3/4,9,1 0 0,259/128,7/32
11,0,1/4,3/4,10,1 0 1,261/128,21/32
11,0,1/4,3/4,11,1 0 2,233/128,17/32
11,0,1/4,3/4,12,1 1 0,267/128,15/32
11,0,1/4,3/4,13,1 1 1,269/128,29/32
11,0,1/4,3/4,14,1 1 2,241/128,25/32
11,0,1/4,3/4,15,1 2 0,63/32,3/8
11,0,1/4,3/4,16,1 2 1,127/64,13/16
11,0,1/4,3/4,17,1 2 2,113/64,11/16
11,0,1/4,3/4,18,2 0 0,33/16,1/4
11,0,1/4,3/4,19,2 0 1,133/64,11/16
11,0,1/4,3/4,20,2 0 2,119/64,9/16
11,0,1/4,3/4,21,2 1 0,17/8,1/2
11,0,1/4,3/4,22,2 1 1,137/64,15/16
11,0,1/4,3/4,23,2 1 2,123/64,13/16
11,0,1/4,3/4,24,2 2 0,257/128,13/32
11,0,1/4,3/4,25,2 2 1,259/128,27/32
11,0,1/4,3/4,26,2 2 2,231/128,23/32
12,0,1/2,1/4,0,0 0 0,2,0
12,0,1/2,1/4,1,0 0 1,61/32,3/8
12,0,1/2,1/4,2,0 0 2,129/64,7/16
12,0,1/2,1/4,3,0 1 0,33/16,1/4
12,0,1/2,1/4,4,0 1 1,63/32,5/8
12,0,1/2,1/4,5,0 1 2,133/64,11/16
12,0,1/2,1/4,6,0 2 0,259/128,7/32
12,0,1/2,1/4,7,0 2 1,247/128,19/32
12,0,1/2,1/4,8,0 2 2,261/128,21/32
12,0,1/2,1/4,9,1 0 0,127/64,3/16
12,0,1/2,1/4,10,1 0 1,121/64,9/16
12,0,1/2,1/4,11,1 0 2,2,5/8
12,0,1/2,1/4,12,1 1 0,131/64,7/16
12,0,1/2,1/4,13,1 1 1,125/64,13/16
12,0,1/2,1/4,14,1 1 2,33/16,7/8
12,0,1/2,1/4,15,1 2 0,257/128,13/32
12,0,1/2,1/4,16,1 2 1,245/128,25/32
12,0,1/2,1/4,17,1 2 2,259/128,27/32
12,0,1/2,1/4,18,2 0 0,33/16,1/4
12,0,1/2,1/4,19,2 0 1,63/32,5/8
12,0,1/2,1/4,20,2 0 2,133/64,11/16
12,0,1/2,1/4,21,2 1 0,17/8,1/2
12,0,1/2,1/4,22,2 1 1,65/32,7/8
12,0,1/2,1/4,23,2 1 2,137/64,15/16
12,0,1/2,1/4,24,2 2 0,267/128,15/32
12,0,1/2,1/4,25,2 2 1,255/128,27/32
12,0,1/2,1/4,26,2 2 2,269/128,29/32
13,0,1/2,1/2,0,0 0 0,2,0
13,0,1/2,1/2,1,0 0 1,61/32,3/8
13,0,1/2,1/2,2,0 0 2,61/32,3/8
13,0,1/2,1/2,3,0 1 0,33/16,1/4
13,0,1/2,1/2,4,0 1 1,63/32,5/8
13,0,1/2,1/2,5,0 1 2,63/32,5/8
13,0,1/2,1/2,6,0 2 0,127/64,3/16
13,0,1/2,1/2,7,0 2 1,121/64,9/16
13,0,1/2,1/2,8,0 2 2,121/64,9/16
13,0,1/2,1/2,9,1 0 0,127/64,3/16
13,0,1/2,1/2,10,1 0 1,121/64,9/16
13,0,1/2,1/2,11,1 0 2,121/64,9/16
13,0,1/2,1/2,12,1 1 0,131/64,7/16
13,0,1/2,1/2,13,1 1 1,125/64,13/16
13,0,1/2,1/2,14,1 1 2,125/64,13/16
13,0,1/2,1/2,15,1 2 0,63/32,3/8
13,0,1/2,1/2,16,1 2 1,15/8,3/4
13,0,1/2,1/2,17,1 2 2,15/8,3/4
13,0,1/2,1/2,18,2 0 0,33/16,1/4
13,0,1/2,1/2,19,2 0 1,63/32,5/8
13,0,1/2,1/2,20,2 0 2,63/32,5/8
13,0,1/2,1/2,21,2 1 0,17/8,1/2
13,0,1/2,1/2,22,2 1 1,65/32,7/8
13,0,1/2,1/2,23,2 1 2,65/32,7/8
13,0,1/2,1/2,24,2 2 0,131/64,7/16
13,0,1/2,1/2,25,2 2 1,125/64,13/16
13,0,1/2,1/2,26,2 2 2,125/64,13/16
14,0,1/2,3/4,0,0 0 0,2,0
14,0,1/2,3/4,1,0 0 1,61/32,3/8
14,0,1/2,3/4,2,0 0 2,115/64,5/16
14,0,1/2,3/4,3,0 1 0,33/16,1/4
14,0,1/2,3/4,4,0 1 1,63/32,5/8
14,0,1/2,3/4,5,0 1 2,119/64,9/16
14,0,1/2,3/4,6,0 2 0,249/128,5/32
14,0,1/2,3/4,7,0 2 1,237/128,17/32
14,0,1/2,3/4,8,0 2 2,223/128,15/32
14,0,1/2,3/4,9,1 0 0,127/64,3/16
14,0,1/2,3/4,10,1 0 1,121/64,9/16
14,0,1/2,3/4,11,1 0 2,57/32,1/2
14,0,1/2,3/4,12,1 1 0,131/64,7/16
14,0,1/2,3/4,13,1 1 1,125/64,13/16
14,0,1/2,3/4,14,1 1 2,59/32,3/4
14,0,1/2,3/4,15,1 2 0,247/128,11/32
14,0,1/2,3/4,16,1 2 1,235/128,23/32
14,0,1/2,3/4,17,1 2 2,221/128,21/32
14,0,1/2,3/4,18,2 0 0,33/16,1/4
14,0,1/2,3/4,19,2 0 1,63/32,5/8
14,0,1/2,3/4,20,2 0 2,119/64,9/16
14,0,1/2,3/4,21,2 1 0,17/8,1/2
14,0,1/2,3/4,22,2 1 1,65/32,7/8
14,0,1/2,3/4,23,2 1 2,123/64,13/16
14,0,1/2,3/4,24,2 2 0,257/128,13/32
14,0,1/2,3/4,25,2 2 1,245/128,25/32
14,0,1/2,3/4,26,2 2 2,231/128,23/32
15,0,3/4,1/4,0,0 0 0,2,0
15,0,3/4,1/4,1,0 0 1,115/64,5/16
15,0,3/4,1/4,2,0 0 2,129/64,7/16
15,0,3/4,1/4,3,0 1 0,33/16,1/4
15,0,3/4,1/4,4,0 1 1,119/64,9/16
15,0,3/4,1/4,5,0 1 2,133/64,11/16
15,0,3/4,1/4,6,0 2 0,259/128,7/32
15,0,3/4,1/4,7,0 2 1,233/128,17/32
15,0,3/4,1/4,8,0 2 2,261/128,21/32
15,0,3/4,1/4,9,1 0 0,249/128,5/32
15,0,3/4,1/4,10,1 0 1,223/128,15/32
15,0,3/4,1/4,11,1 0 2,251/128,19/32
15,0,3/4,1/4,12,1 1 0,257/128,13/32
15,0,3/4,1/4,13,1 1 1,231/128,23/32
15,0,3/4,1/4,14,1 1 2,259/128,27/32
15,0,3/4,1/4,15,1 2 0,63/32,3/8
15,0,3/4,1/4,16,1 2 1,113/64,11/16
15,0,3/4,1/4,17,1 2 2,127/64,13/16
15,0,3/4,1/4,18,2 0 0,33/16,1/4
15,0,3/4,1/4,19,2 0 1,119/64,9/16
15,0,3/4,1/4,20,2 0 2,133/64,11/16
15,0,3/4,1/4,21,2 1 0,17/8,1/2
15,0,3/4,1/4,22,2 1 1,123/64,13/16
15,0,3/4,1/4,23,2 1 2,137/64,15/16
15,0,3/4,1/4,24,2 2 0,267/128,15/32
15,0,3/4,1/4,25,2 2 1,241/128,25/32
15,0,3/4,1/4,26,2 2 2,269/128,29/32
16,0,3/4,1/2,0,0 0 0,2,0
16,0,3/4,1/2,1,0 0 1,115/64,5/16
16,0,3/4,1/2,2,0 0 2,61/32,3/8
16,0,3/4,1/2,3,0 1 0,33/16,1/4
16,0,3/4,1/2,4,0 1 1,119/64,9/16
16,0,3/4,1/2,5,0 1 2,63/32,5/8
16,0,3/4,1/2,6,0 2 0,127/64,3/16
16,0,3/4,1/2,7,0 2 1,57/32,1/2
16,0,3/4,1/2,8,0 2 2,121/64,9/16
16,0,3/4,1/2,9,1 0 0,249/128,5/32
16,0,3/4,1/2,10,1 0 1,223/128,15/32
16,0,3/4,1/2,11,1 0 2,237/128,17/32
16,0,3/4,1/2,12,1 1 0,257/128,13/32
16,0,3/4,1/2,13,1 1 1,231/128,23/32
16,0,3/4,1/2,14,1 1 2,245/128,25/32
16,0,3/4,1/2,15,1 2 0,247/128,11/32
16,0,3/4,1/2,16,1 2 1,221/128,21/32
16,0,3/4,1/2,17,1 2 2,235/128,23/32
16,0,3/4,1/2,18,2 0 0,33/16,1/4
16,0,3/4,1/2,19,2 0 1,119/64,9/16
16,0,3/4,1/2,20,2 0 2,63/32,5/8
16,0,3/4,1/2,21,2 1 0,17/8,1/2
16,0,3/4,1/2,22,2 1 1,123/64,13/16
16,0,3/4,1/2,23,2 1 2,65/32,7/8
16,0,3/4,1/2,24,2 2 0,131/64,7/16
16,0,3/4,1/2,25,2 2 1,59/32,3/4
16,0,3/4,1/2,26,2 2 2,125/64,13/16
17,0,3/4,3/4,0,0 0 0,2,0
17,0,3/4,3/4,1,0 0 1,115/64,5/16
17,0,3/4,3/4,2,0 0 2,115/64,5/16
17,0,3/4,3/4,3,0 1 0,33/16,1/4
17,0,3/4,3/4,4,0 1 1,119/64,9/16
17,0,3/4,3/4,5,0 1 2,119/64,9/16
17,0,3/4,3/4,6,0 2 0,249/128,5/32
17,0,3/4,3/4,7,0 2 1,223/128,15/32
17,0,3/4,3/4,8,0 2 2,223/128,15/32
17,0,3/4,3/4,9,1 0 0,249/128,5/32
17,0,3/4,3/4,10,1 0 1,223/128,15/32
17,0,3/4,3/4,11,1 0 2,223/128,15/32
17,0,3/4,3/4,12,1 1 0,257/128,13/32
17,0,3/4,3/4,13,1 1 1,231/128,23/32
17,0,3/4,3/4,14,1 1 2,231/128,23/32
17,0,3/4,3/4,15,1 2 0,121/64,5/16
17,0,3/4,3/4,16,1 2 1,27/16,5/8
17,0,3/4,3/4,17,1 2 2,27/16,5/8
17,0,3/4,3/4,18,2 0 0,33/16,1/4
17,0,3/4,3/4,19,2 0 1,119/64,9/16
17,0,3/4,3/4,20,2 0 2,119/64,9/16
17,0,3/4,3/4,21,2 1 0,17/8,1/2
17,0,3/4,3/4,22,2 1 1,123/64,13/16
17,0,3/4,3/4,23,2 1 2,123/64,13/16
17,0,3/4,3/4,24,2 2 0,257/128,13/32
17,0,3/4,3/4,25,2 2 1,231/128,23/32
17,0,3/4,3/4,26,2 2 2,231/128,23/32
18,3/4,1/4,1/4,0,0 0 0,2,0
18,3/4,1/4,1/4,1,0 0 1,537/256,31/64
18,3/4,1/4,1/4,2,0 0 2,495/256,25/64
18,3/4,1/4,1/4,3,0 1 0,129/64,1/16
18,3/4,1/4,1/4,4,0 1 1,541/256,35/64
18,3/4,1/4,1/4,5,0 1 2,499/256,29/64
18,3/4,1/4,1/4,6,0 2 0,1027/512,7/128
18,3/4,1/4,1/4,7,0 2 1,1077/512,69/128
18,3/4,1/4,1/4,8,0 2 2,993/512,57/128
18,3/4,1/4,1/4,9,1 0 0,1045/512,49/128
18,3/4,1/4,1/4,10,1 0 1,1095/512,111/128
18,3/4,1/4,1/4,11,1 0 2,1011/512,99/128
18,3/4,1/4,1/4,12,1 1 0,1053/512,57/128
18,3/4,1/4,1/4,13,1 1 1,1103/512,119/128
18,3/4,1/4,1/4,14,1 1 2,1019/512,107/128
18,3/4,1/4,1/4,15,1 2 0,131/64,7/16
18,3/4,1/4,1/4,16,1 2 1,549/256,59/64
18,3/4,1/4,1/4,17,1 2 2,507/256,53/64
18,3/4,1/4,1/4,18,2 0 0,135/64,7/16
18,3/4,1/4,1/4,19,2 0 1,565/256,59/64
18,3/4,1/4,1/4,20,2 0 2,523/256,53/64
18,3/4,1/4,1/4,21,2 1 0,17/8,1/2
18,3/4,1/4,1/4,22,2 1 1,569/256,63/64
18,3/4,1/4,1/4,23,2 1 2,527/256,57/64
18,3/4,1/4,1/4,24,2 2 0,1083/512,63/128
18,3/4,1/4,1/4,25,2 2 1,1133/512,125/128
18,3/4,1/4,1/4,26,2 2 2,1049/512,113/128
19,3/4,1/4,1/2,0,0 0 0,2,0
19,3/4,1/4,1/2,1,0 0 1,537/256,31/64
19,3/4,1/4,1/2,2,0 0 2,223/128,9/32
19,3/4,1/4,1/2,3,0 1 0,129/64,1/16
19,3/4,1/4,1/2,4,0 1 1,541/256,35/64
19,3/4,1/4,1/2,5,0 1 2,225/128,11/32
19,3/4,1/4,1/2,6,0 2 0,511/256,3/64
19,3/4,1/4,1/2,7,0 2 1,67/32,17/32
19,3/4,1/4,1/2,8,0 2 2,445/256,21/64
19,3/4,1/4,1/2,9,1 0 0,1045/512,49/128
19,3/4,1/4,1/2,10,1 0 1,1095/512,111/128
19,3/4,1/4,1/2,11,1 0 2,913/512,85/128
19,3/4,1/4,1/2,12,1 1 0,1053/512,57/128
19,3/4,1/4,1/2,13,1 1 1,1103/512,119/128
19,3/4,1/4,1/2,14,1 1 2,921/512,93/128
19,3/4,1/4,1/2,15,1 2 0,1043/512,55/128
19,3/4,1/4,1/2,16,1 2 1,1093/512,117/128
19,3/4,1/4,1/2,17,1 2 2,911/512,91/128
19,3/4,1/4,1/2,18,2 0 0,135/64,7/16
19,3/4,1/4,1/2,19,2 0 1,565/256,59/64
19,3/4,1/4,1/2,20,2 0 2,237/128,23/32
19,3/4,1/4,1/2,21,2 1 0,17/8,1/2
19,3/4,1/4,1/2,22,2 1 1,569/256,63/64
19,3/4,1/4,1/2,23,2 1 2,239/128,25/32
19,3/4,1/4,1/2,24,2 2 0,539/256,31/64
19,3/4,1/4,1/2,25,2 2 1,141/64,31/32
19,3/4,1/4,1/2,26,2 2 2,473/256,49/64
20,3/4,1/4,3/4,0,0 0 0,2,0
20,3/4,1/4,3/4,1,0 0 1,537/256,31/64
20,3/4,1/4,3/4,2,0 0 2,397/256,11/64
20,3/4,1/4,3/4,3,0 1 0,129/64,1/16
20,3/4,1/4,3/4,4,0 1 1,541/256,35/64
20,3/4,1/4,3/4,5,0 1 2,401/256,15/64
20,3/4,1/4,3/4,6,0 2 0,1017/512,5/128
20,3/4,1/4,3/4,7,0 2 1,1067/512,67/128
20,3/4,1/4,3/4,8,0 2 2,787/512,27/128
20,3/4,1/4,3/4,9,1 0 0,1045/512,49/128
20,3/4,1/4,3/4,10,1 0 1,1095/512,111/128
20,3/4,1/4,3/4,11,1 0 2,815/512,71/128
20,3/4,1/4,3/4,12,1 1 0,1053/512,57/128
20,3/4,1/4,3/4,13,1 1 1,1103/512,119/128
20,3/4,1/4,3/4,14,1 1 2,823/512,79/128
20,3/4,1/4,3/4,15,1 2 0,519/256,27/64
20,3/4,1/4,3/4,16,1 2 1,17/8,29/32
20,3/4,1/4,3/4,17,1 2 2,101/64,19/32
20,3/4,1/4,3/4,18,2 0 0,135/64,7/16
20,3/4,1/4,3/4,19,2 0 1,565/256,59/64
20,3/4,1/4,3/4,20,2 0 2,425/256,39/64
20,3/4,1/4,3/4,21,2 1 0,17/8,1/2
20,3/4,1/4,3/4,22,2 1 1,569/256,63/64
20,3/4,1/4,3/4,23,2 1 2,429/256,43/64
20,3/4,1/4,3/4,24,2 2 0,1073/512,61/128
20,3/4,1/4,3/4,25,2 2 1,1123/512,123/128
20,3/4,1/4,3/4,26,2 2 2,843/512,83/128
21,3/4,1/2,1/4,0,0 0 0,2,0
21,3/4,1/2,1/4,1,0 0 1,265/128,15/32
21,3/4,1/2,1/4,2,0 0 2,495/256,25/64
21,3/4,1/2,1/4,3,0 1 0,129/64,1/16
21,3/4,1/2,1/4,4,0 1 1,267/128,17/32
21,3/4,1/2,1/4,5,0 1 2,499/256,29/64
21,3/4,1/2,1/4,6,0 2 0,1027/512,7/128
21,3/4,1/2,1/4,7,0 2 1,1063/512,67/128
21,3/4,1/2,1/4,8,0 2 2,993/512,57/128
21,3/4,1/2,1/4,9,1 0 0,505/256,21/64
21,3/4,1/2,1/4,10,1 0 1,523/256,51/64
21,3/4,1/2,1/4,11,1 0 2,61/32,23/32
21,3/4,1/2,1/4,12,1 1 0,509/256,25/64
21,3/4,1/2,1/4,13,1 1 1,527/256,55/64
21,3/4,1/2,1/4,14,1 1 2,123/64,25/32
21,3/4,1/2,1/4,15,1 2 0,1013/512,49/128
21,3/4,1/2,1/4,16,1 2 1,1049/512,109/128
21,3/4,1/2,1/4,17,1 2 2,979/512,99/128
21,3/4,1/2,1/4,18,2 0 0,135/64,7/16
21,3/4,1/2,1/4,19,2 0 1,279/128,29/32
21,3/4,1/2,1/4,20,2 0 2,523/256,53/64
21,3/4,1/2,1/4,21,2 1 0,17/8,1/2
21,3/4,1/2,1/4,22,2 1 1,281/128,31/32
21,3/4,1/2,1/4,23,2 1 2,527/256,57/64
21,3/4,1/2,1/4,24,2 2 0,1083/512,63/128
21,3/4,1/2,1/4,25,2 2 1,1119/512,123/128
21,3/4,1/2,1/4,26,2 2 2,1049/512,113/128
22,3/4,1/2,1/2,0,0 0 0,2,0
22,3/4,1/2,1/2,1,0 0 1,265/128,15/32
22,3/4,1/2,1/2,2,0 0 2,223/128,9/32
22,3/4,1/2,1/2,3,0 1 0,129/64,1/16
22,3/4,1/2,1/2,4,0 1 1,267/128,17/32
22,3/4,1/2,1/2,5,0 1 2,225/128,11/32
22,3/4,1/2,1/2,6,0 2 0,511/256,3/64
22,3/4,1/2,1/2,7,0 2 1,529/256,33/64
22,3/4,1/2,1/2,8,0 2 2,445/256,21/64
22,3/4,1/2,1/2,9,1 0 0,505/256,21/64
22,3/4,1/2,1/2,10,1 0 1,523/256,51/64
22,3/4,1/2,1/2,11,1 0 2,439/256,39/64
22,3/4,1/2,1/2,12,1 1 0,509/256,25/64
22,3/4,1/2,1/2,13,1 1 1,527/256,55/64
22,3/4,1/2,1/2,14,1 1 2,443/256,43/64
22,3/4,1/2,1/2,15,1 2 0,63/32,3/8
22,3/4,1/2,1/2,16,1 2 1,261/128,27/32
22,3/4,1/2,1/2,17,1 2 2,219/128,21/32
22,3/4,1/2,1/2,18,2 0 0,135/64,7/16
22,3/4,1/2,1/2,19,2 0 1,279/128,29/32
22,3/4,1/2,1/2,20,2 0 2,237/128,23/32
22,3/4,1/2,1/2,21,2 1 0,17/8,1/2
22,3/4,1/2,1/2,22,2 1 1,281/128,31/32
22,3/4,1/2,1/2,23,2 1 2,239/128,25/32
22,3/4,1/2,1/2,24,2 2 0,539/256,31/64
22,3/4,1/2,1/2,25,2 2 1,557/256,61/64
22,3/4,1/2,1/2,26,2 2 2,473/256,49/64
23,3/4,1/2,3/4,0,0 0 0,2,0
23,3/4,1/2,3/4,1,0 0 1,265/128,15/32
23,3/4,1/2,3/4,2,0 0 2,397/256,11/64
23,3/4,1/2,3/4,3,0 1 0,129/64,1/16
23,3/4,1/2,3/4,4,0 1 1,267/128,17/32
23,3/4,1/2,3/4,5,0 1 2,401/256,15/64
23,3/4,1/2,3/4,6,0 2 0,1017/512,5/128
23,3/4,1/2,3/4,7,0 2 1,1053/512,65/128
23,3/4,1/2,3/4,8,0 2 2,787/512,27/128
23,3/4,1/2,3/4,9,1 0 0,505/256,21/64
23,3/4,1/2,3/4,10,1 0 1,523/256,51/64
23,3/4,1/2,3/4,11,1 0 2,195/128,1/2
23,3/4,1/2,3/4,12,1 1 0,509/256,25/64
23,3/4,1/2,3/4,13,1 1 1,527/256,55/64
23,3/4,1/2,3/4,14,1 1 2,197/128,9/16
23,3/4,1/2,3/4,15,1 2 0,1003/512,47/128
23,3/4,1/2,3/4,16,1 2 1,1039/512,107/128
23,3/4,1/2,3/4,17,1 2 2,773/512,69/128
23,3/4,1/2,3/4,18,2 0 0,135/64,7/16
23,3/4,1/2,3/4,19,2 0 1,279/128,29/32
23,3/4,1/2,3/4,20,2 0 2,425/256,39/64
23,3/4,1/2,3/4,21,2 1 0,17/8,1/2
23,3/4,1/2,3/4,22,2 1 1,281/128,31/32
23,3/4,1/2,3/4,23,2 1 2,429/256,43/64
23,3/4,1/2,3/4,24,2 2 0,1073/512,61/128
23,3/4,1/2,3/4,25,2 2 1,1109/512,121/128
23,3/4,1/2,3/4,26,2 2 2,843/512,83/128
24,3/4,3/4,1/4,0,0 0 0,2,0
24,3/4,3/4,1/4,1,0 0 1,523/256,29/64
24,3/4,3/4,1/4,2,0 0 2,495/256,25/64
24,3/4,3/4,1/4,3,0 1 0,129/64,1/16
24,3/4,3/4,1/4,4,0 1 1,527/256,33/64
24,3/4,3/4,1/4,5,0 1 2,499/256,29/64
24,3/4,3/4,1/4,6,0 2 0,1027/512,7/128
24,3/4,3/4,1/4,7,0 2 1,1049/512,65/128
24,3/4,3/4,1/4,8,0 2 2,993/512,57/128
24,3/4,3/4,1/4,9,1 0 0,975/512,35/128
24,3/4,3/4,1/4,10,1 0 1,997/512,93/128
24,3/4,3/4,1/4,11,1 0 2,941/512,85/128
24,3/4,3/4,1/4,12,1 1 0,983/512,43/128
24,3/4,3/4,1/4,13,1 1 1,1005/512,101/128
24,3/4,3/4,1/4,14,1 1 2,949/512,93/128
24,3/4,3/4,1/4,15,1 2 0,489/256,21/64
24,3/4,3/4,1/4,16,1 2 1,125/64,25/32
24,3/4,3/4,1/4,17,1 2 2,59/32,23/32
24,3/4,3/4,1/4,18,2 0 0,135/64,7/16
24,3/4,3/4,1/4,19,2 0 1,551/256,57/64
24,3/4,3/4,1/4,20,2 0 2,523/256,53/64
24,3/4,3/4,1/4,21,2 1 0,17/8,1/2
24,3/4,3/4,1/4,22,2 1 1,555/256,61/64
24,3/4,3/4,1/4,23,2 1 2,527/256,57/64
24,3/4,3/4,1/4,24,2 2 0,1083/512,63/128
24,3/4,3/4,1/4,25,2 2 1,1105/512,121/128
24,3/4,3/4,1/4,26,2 2 2,1049/512,113/128
25,3/4,3/4,1/2,0,0 0 0,2,0
25,3/4,3/4,1/2,1,0 0 1,523/256,29/64
25,3/4,3/4,1/2,2,0 0 2,223/128,9/32
25,3/4,3/4,1/2,3,0 1 0,129/64,1/16
25,3/4,3/4,1/2,4,0 1 1,527/256,33/64
25,3/4,3/4,1/2,5,0 1 2,225/128,11/32
25,3/4,3/4,1/2,6,0 2 0,511/256,3/64
25,3/4,3/4,1/2,7,0 2 1,261/128,1/2
25,3/4,3/4,1/2,8,0 2 2,445/256,21/64
25,3/4,3/4,1/2,9,1 0 0,975/512,35/128
25,3/4,3/4,1/2,10,1 0 1,997/512,93/128
25,3/4,3/4,1/2,11,1 0 2,843/512,71/128
25,3/4,3/4,1/2,12,1 1 0,983/512,43/128
25,3/4,3/4,1/2,13,1 1 1,1005/512,101/128
25,3/4,3/4,1/2,14,1 1 2,851/512,79/128
25,3/4,3/4,1/2,15,1 2 0,973/512,41/128
25,3/4,3/4,1/2,16,1 2 1,995/512,99/128
25,3/4,3/4,1/2,17,1 2 2,841/512,77/128
25,3/4,3/4,1/2,18,2 0 0,135/64,7/16
25,3/4,3/4,1/2,19,2 0 1,551/256,57/64
25,3/4,3/4,1/2,20,2 0 2,237/128,23/32
25,3/4,3/4,1/2,21,2 1 0,17/8,1/2
25,3/4,3/4,1/2,22,2 1 1,555/256,61/64
25,3/4,3/4,1/2,23,2 1 2,239/128,25/32
25,3/4,3/4,1/2,24,2 2 0,539/256,31/64
25,3/4,3/4,1/2,25,2 2 1,275/128,15/16
25,3/4,3/4,1/2,26,2 2 2,473/256,49/64
26,3/4,3/4,3/4,0,0 0 0,2,0
26,3/4,3/4,3/4,1,0 0 1,523/256,29/64
26,3/4,3/4,3/4,2,0 0 2,397/256,11/64
26,3/4,3/4,3/4,3,0 1 0,129/64,1/16
26,3/4,3/4,3/4,4,0 1 1,527/256,33/64
26,3/4,3/4,3/4,5,0 1 2,401/256,15/64
26,3/4,3/4,3/4,6,0 2 0,1017/512,5/128
26,3/4,3/4,3/4,7,0 2 1,1039/512,63/128
26,3/4,3/4,3/4,8,0 2 2,787/512,27/128
26,3/4,3/4,3/4,9,1 0 0,975/512,35/128
26,3/4,3/4,3/4,10,1 0 1,997/512,93/128
26,3/4,3/4,3/4,11,1 0 2,745/512,57/128
26,3/4,3/4,3/4,12,1 1 0,983/512,43/128
26,3/4,3/4,3/4,13,1 1 1,1005/512,101/128
26,3/4,3/4,3/4,14,1 1 2,753/512,65/128
26,3/4,3/4,3/4,15,1 2 0,121/64,5/16
26,3/4,3/4,3/4,16,1 2 1,495/256,49/64
26,3/4,3/4,3/4,17,1 2 2,369/256,31/64
26,3/4,3/4,3/4,18,2 0 0,135/64,7/16
26,3/4,3/4,3/4,19,2 0 1,551/256,57/64
26,3/4,3/4,3/4,20,2 0 2,425/256,39/64
26,3/4,3/4,3/4,21,2 1 0,17/8,1/2
26,3/4,3/4,3/4,22,2 1 1,555/256,61/64
26,3/4,3/4,3/4,23,2 1 2,429/256,43/64
26,3/4,3/4,3/4,24,2 2 0,1073/512,61/128
26,3/4,3/4,3/4,25,2 2 1,1095/512,119/128
26,3/4,3/4,3/4,26,2 2 2,843/512,83/128
