truth,lag,seed,algorithm,episodes,pseudo_regret,expected_waste,realized_cost,confidence_exclusions,safe_fallbacks,maximum_prefix_debt,maximum_unreturned,prefix_exposure,completion_exposure,intersection_exposure,unresolved_mass_exposure
0,0,111,prefix,512,8.80078125,282.140625,1764.25,0,0,0,0,421.89549183644806,421.89549183644806,421.89549183644806,0.0
0,0,111,intersection,512,8.80078125,282.140625,1764.25,0,0,0,0,421.89549183644806,421.89549183644806,421.89549183644806,0.0
0,0,111,completed,512,8.80078125,282.140625,1764.25,0,0,0,0,421.89549183644806,421.89549183644806,421.89549183644806,0.0
0,0,111,plugin,512,0.322265625,203.0078125,1754.25,0,0,0,0,353.6932831673948,353.6932831673948,353.6932831673948,0.0
0,0,111,safe,512,34.0,0.0,1792.0,0,0,0,0,210.52212411275138,210.52212411275138,210.52212411275138,0.0
0,0,111,known,512,0.0,200.0,1753.5,0,0,0,0,351.36495400364925,351.36495400364925,351.36495400364925,0.0
0,0,111,product,512,34.0,0.0,1792.0,0,0,0,0,210.52212411275138,210.52212411275138,210.52212411275138,0.0
0,0,222,prefix,512,7.025390625,265.5703125,1765.25,0,0,0,0,405.40835060038853,405.40835060038853,405.40835060038853,0.0
0,0,222,intersection,512,7.025390625,265.5703125,1765.25,0,0,0,0,405.40835060038853,405.40835060038853,405.40835060038853,0.0
0,0,222,completed,512,7.025390625,265.5703125,1765.25,0,0,0,0,405.40835060038853,405.40835060038853,405.40835060038853,0.0
0,0,222,plugin,512,0.6484375,201.15625,1755.5,0,0,0,0,353.3649540036482,353.3649540036482,353.3649540036482,0.0
0,0,222,safe,512,34.0,0.0,1793.0,0,0,0,0,210.52212411275138,210.52212411275138,210.52212411275138,0.0
0,0,222,known,512,0.0,200.0,1755.25,0,0,0,0,351.69328316739455,351.69328316739455,351.69328316739455,0.0
0,0,222,product,512,34.0,0.0,1793.0,0,0,0,0,210.52212411275138,210.52212411275138,210.52212411275138,0.0
0,0,333,prefix,512,10.974609375,302.4296875,1755.75,0,0,0,0,437.55321735151506,437.55321735151506,437.55321735151506,0.0
0,0,333,intersection,512,10.974609375,302.4296875,1755.75,0,0,0,0,437.55321735151506,437.55321735151506,437.55321735151506,0.0
0,0,333,completed,512,10.974609375,302.4296875,1755.75,0,0,0,0,437.55321735151506,437.55321735151506,437.55321735151506,0.0
0,0,333,plugin,512,2.1953125,191.1875,1742.75,0,0,0,0,346.31534145888406,346.31534145888406,346.31534145888406,0.0
0,0,333,safe,512,34.0,0.0,1782.0,0,0,0,0,210.52212411275138,210.52212411275138,210.52212411275138,0.0
0,0,333,known,512,0.0,200.0,1741.5,0,0,0,0,348.0456502806902,348.0456502806902,348.0456502806902,0.0
0,0,333,product,512,34.0,0.0,1782.0,0,0,0,0,210.52212411275138,210.52212411275138,210.52212411275138,0.0
0,0,444,prefix,512,8.5078125,279.40625,1776.0,0,0,0,0,419.11781712938915,419.11781712938915,419.11781712938915,0.0
0,0,444,intersection,512,8.5078125,279.40625,1776.0,0,0,0,0,419.11781712938915,419.11781712938915,419.11781712938915,0.0
0,0,444,completed,512,8.5078125,279.40625,1776.0,0,0,0,0,419.11781712938915,419.11781712938915,419.11781712938915,0.0
0,0,444,plugin,512,0.169921875,201.5859375,1770.5,0,0,0,0,351.0484264416887,351.0484264416887,351.0484264416887,0.0
0,0,444,safe,512,34.0,0.0,1785.0,0,0,0,0,210.52212411275138,210.52212411275138,210.52212411275138,0.0
0,0,444,known,512,0.0,200.0,1770.0,0,0,0,0,349.04842644168866,349.04842644168866,349.04842644168866,0.0
0,0,444,product,512,34.0,0.0,1785.0,0,0,0,0,210.52212411275138,210.52212411275138,210.52212411275138,0.0
0,16,111,prefix,512,9.205078125,285.9140625,1764.25,0,0,16,14,441.5147591801778,451.1006876378893,439.9307592239736,51.237819553116
0,16,111,intersection,512,8.724609375,281.4296875,1764.25,0,0,16,14,438.955916033986,448.5126639417691,437.40269130917744,51.050680729342965
0,16,111,completed,512,7.16015625,266.828125,1763.25,0,0,16,14,433.28050027614995,442.81007184548236,431.76092384592556,50.84672033105108
0,16,111,plugin,512,0.296875,200.75,1753.5,0,0,16,14,367.7069782956258,377.20202634528596,366.5168758236829,45.78257257132725
0,16,111,safe,512,34.0,0.0,1792.0,0,0,16,14,221.99586530961696,231.15209759018688,221.56471430240538,36.87309137684484
0,16,111,known,512,0.0,200.0,1753.5,0,0,16,14,366.35672783848725,375.94895728570566,365.23126925255485,46.96511947826701
0,16,111,product,512,34.0,0.0,1792.0,0,0,16,14,221.99586530961696,231.15209759018688,221.56471430240538,36.87309137684484
0,16,222,prefix,512,7.482421875,269.8359375,1765.25,0,0,16,13,426.1477055472664,434.0426865843604,424.1796146316595,38.33169515468876
0,16,222,intersection,512,6.92578125,264.640625,1765.0,0,0,16,13,422.5047601426285,430.5268887791734,420.6587829774389,38.25543795772233
0,16,222,completed,512,7.30078125,268.140625,1764.5,0,0,16,13,424.81709239505244,432.9538282772227,423.07740978769283,38.209135589413094
0,16,222,plugin,512,0.8359375,199.875,1756.25,0,0,16,13,369.019713124696,377.57609166126366,367.6871306525857,36.34309171250847
0,16,222,safe,512,34.0,0.0,1793.0,0,0,16,13,221.90822409356238,230.14129760744777,221.46665031156016,29.119438182598042
0,16,222,known,512,0.0,200.0,1755.25,0,0,16,13,368.06312359699723,376.5560550467313,366.6625591813992,36.91390190341122
0,16,222,product,512,34.0,0.0,1793.0,0,0,16,13,221.90822409356238,230.14129760744777,221.46665031156016,29.119438182598042
0,16,333,prefix,512,11.150390625,304.0703125,1756.0,0,0,16,13,457.00244615681055,468.53369366035867,455.91525866870717,57.17210840763797
0,16,333,intersection,512,10.9453125,302.15625,1755.75,0,0,16,13,456.66531753411226,468.200665762193,455.57959132857235,57.158193730597894
0,16,333,completed,512,10.6875,299.75,1755.0,0,0,16,13,455.6383877408719,467.1727078456648,454.5544693478126,57.09113109022443
0,16,333,plugin,512,3.28515625,183.171875,1745.25,0,0,16,13,358.24718488349845,369.9542932440177,357.9195588292273,44.762854557620976
0,16,333,safe,512,34.0,0.0,1782.0,0,0,16,13,222.19032093845962,233.1157040951216,222.19032093845962,37.9255513435424
0,16,333,known,512,0.0,200.0,1741.5,0,0,16,13,363.0382644362889,374.7002883874187,362.66032368870736,47.9441783769674
0,16,333,product,512,34.0,0.0,1782.0,0,0,16,13,222.19032093845962,233.1157040951216,222.19032093845962,37.9255513435424
0,16,444,prefix,512,8.537109375,279.6796875,1776.25,0,0,16,13,435.9633610969723,445.7012468672178,434.3034003570398,46.29421971718321
0,16,444,intersection,512,8.5078125,279.40625,1776.0,0,0,16,13,435.59747807839665,445.3735016601091,433.97488926900076,46.29480367382072
0,16,444,completed,512,8.4609375,278.96875,1775.75,0,0,16,13,435.2116606558071,445.00845439134605,433.60897572221353,46.25872872155249
0,16,444,plugin,512,0.212890625,200.9765625,1772.5,0,0,16,13,365.0803522118379,375.3671295140954,364.2288782993623,40.45367933247188
0,16,444,safe,512,34.0,0.0,1785.0,0,0,16,13,222.0595537850863,231.9464808650756,221.7505602577478,35.66141049263528
0,16,444,known,512,0.0,200.0,1770.0,0,0,16,13,363.45947934878257,373.69433033499513,362.5577286779089,41.59207581361315
0,16,444,product,512,34.0,0.0,1785.0,0,0,16,13,222.0595537850863,231.9464808650756,221.7505602577478,35.66141049263528
0,64,111,prefix,512,11.4609375,306.96875,1768.0,0,0,64,42,520.7792683983458,536.3551160402301,508.7803394083766,141.3673668379026
0,64,111,intersection,512,8.80078125,282.140625,1764.25,0,0,64,42,499.1794890972279,515.6476144339997,488.28171405856784,138.6038819148701
0,64,111,completed,512,6.57421875,249.234375,1769.75,12,12,64,42,471.79643036880424,490.17678917760765,462.94320038539865,130.81847689897438
0,64,111,plugin,512,0.296875,200.75,1753.5,0,0,64,42,419.7776679522888,439.91128494785164,412.7272895242656,127.01405609199062
0,64,111,safe,512,34.0,0.0,1792.0,0,0,64,42,258.3932782051845,282.6658796909338,256.80210490709334,100.66840971697492
0,64,111,known,512,0.0,200.0,1753.5,0,0,64,42,418.5561633699264,438.7565376771089,411.5504202446239,128.33241435571986
0,64,111,product,512,34.0,0.0,1792.0,0,0,64,42,258.3932782051845,282.6658796909338,256.80210490709334,100.66840971697492
0,64,222,prefix,512,9.52734375,288.921875,1769.25,0,0,64,39,504.8218676726961,514.6332560381478,489.2900977958701,114.208954894126
0,64,222,intersection,512,7.025390625,265.5703125,1765.25,0,0,64,39,480.7706880473061,494.01276214717285,468.5342827485767,112.41779651477955
0,64,222,completed,512,10.23828125,236.953125,1774.5,58,58,64,39,464.2326096554263,479.7343505123493,454.36628664120946,102.48814516016783
0,64,222,plugin,512,0.8359375,199.875,1756.25,0,0,64,39,421.34819956421524,438.202108719765,412.78518915798077,106.44735143654398
0,64,222,safe,512,34.0,0.0,1793.0,0,0,64,39,258.30628158240734,278.2684276449072,253.92252216755207,84.47645819415861
0,64,222,known,512,0.0,200.0,1755.25,0,0,64,39,420.7384251276376,437.1843302609935,411.70959401289656,107.61936705606966
0,64,222,product,512,34.0,0.0,1793.0,0,0,64,39,258.30628158240734,278.2684276449072,253.92252216755207,84.47645819415861
0,64,333,prefix,512,13.400390625,325.0703125,1760.75,0,0,64,40,530.7848135433154,550.7424918788843,521.353632218814,156.69571340391622
0,64,333,intersection,512,12.826171875,301.0234375,1758.0,0,0,64,40,521.9540649353258,542.1575172659793,513.1440716597159,156.28630964045243
0,64,333,completed,512,13.91015625,318.171875,1761.25,3,3,64,40,525.1306250028955,546.5469731371722,517.2853404282282,151.53955587163756
0,64,333,plugin,512,2.54296875,187.359375,1739.75,0,0,64,40,410.56033860269804,434.6763158801685,406.55582037644473,128.0684175519626
0,64,333,safe,512,34.0,0.0,1782.0,0,0,64,40,258.58358081936524,285.3876506612112,258.1912188894895,104.73635074764572
0,64,333,known,512,0.0,200.0,1741.5,0,0,64,40,413.5731204922326,438.25462546545134,409.8094901826297,132.19236777852046
0,64,333,product,512,34.0,0.0,1782.0,0,0,64,40,258.58358081936524,285.3876506612112,258.1912188894895,104.73635074764572
0,64,444,prefix,512,10.048828125,293.7890625,1778.75,0,0,64,38,508.28913345189517,521.928989182181,493.8712337815401,129.1102529588262
0,64,444,intersection,512,10.30078125,277.453125,1778.0,0,0,64,38,495.95960351702985,512.4781863264583,484.45621537068376,128.84855320437904
0,64,444,completed,512,10.27734375,277.734375,1775.75,18,18,64,38,491.7300866893449,509.09879860747276,481.0160285573982,126.93852782333573
0,64,444,plugin,512,0.212890625,200.9765625,1772.5,0,0,64,38,416.32250398798004,435.68483764331495,407.6671158782971,112.47567198166173
0,64,444,safe,512,34.0,0.0,1785.0,0,0,64,38,258.45624470098335,283.6577169915283,256.92667428147143,97.9408586597448
0,64,444,known,512,0.0,200.0,1770.0,0,0,64,38,414.72326593742,434.0441472007338,406.024289255021,114.81373662581449
0,64,444,product,512,34.0,0.0,1785.0,0,0,64,38,258.45624470098335,283.6577169915283,256.92667428147143,97.9408586597448
8,0,111,prefix,512,0.0,248.0,1517.25,0,0,0,0,491.321477498931,491.321477498931,491.321477498931,0.0
8,0,111,intersection,512,0.0,248.0,1517.25,0,0,0,0,491.321477498931,491.321477498931,491.321477498931,0.0
8,0,111,completed,512,0.0,248.0,1517.25,0,0,0,0,491.321477498931,491.321477498931,491.321477498931,0.0
8,0,111,plugin,512,0.0,248.0,1517.25,0,0,0,0,491.321477498931,491.321477498931,491.321477498931,0.0
8,0,111,safe,512,286.0,0.0,1798.0,0,0,0,0,210.52212411275138,210.52212411275138,210.52212411275138,0.0
8,0,111,known,512,0.0,248.0,1517.25,0,0,0,0,491.321477498931,491.321477498931,491.321477498931,0.0
8,0,111,product,512,0.0,248.0,1517.25,0,0,0,0,491.321477498931,491.321477498931,491.321477498931,0.0
8,0,222,prefix,512,0.0,248.0,1526.0,0,0,0,0,491.73728194004536,491.73728194004536,491.73728194004536,0.0
8,0,222,intersection,512,0.0,248.0,1526.0,0,0,0,0,491.73728194004536,491.73728194004536,491.73728194004536,0.0
8,0,222,completed,512,0.0,248.0,1526.0,0,0,0,0,491.73728194004536,491.73728194004536,491.73728194004536,0.0
8,0,222,plugin,512,0.4921875,248.28125,1526.0,0,0,0,0,491.73728194004536,491.73728194004536,491.73728194004536,0.0
8,0,222,safe,512,286.0,0.0,1783.0,0,0,0,0,210.52212411275138,210.52212411275138,210.52212411275138,0.0
8,0,222,known,512,0.0,248.0,1526.0,0,0,0,0,491.73728194004536,491.73728194004536,491.73728194004536,0.0
8,0,222,product,512,0.0,248.0,1526.0,0,0,0,0,491.73728194004536,491.73728194004536,491.73728194004536,0.0
8,0,333,prefix,512,0.0,248.0,1529.75,0,0,0,0,490.83285459380903,490.83285459380903,490.83285459380903,0.0
8,0,333,intersection,512,0.0,248.0,1529.75,0,0,0,0,490.83285459380903,490.83285459380903,490.83285459380903,0.0
8,0,333,completed,512,0.0,248.0,1529.75,0,0,0,0,490.83285459380903,490.83285459380903,490.83285459380903,0.0
8,0,333,plugin,512,47.755859375,111.5546875,1563.25,0,0,0,0,369.85753388957556,369.85753388957556,369.85753388957556,0.0
8,0,333,safe,512,286.0,0.0,1807.0,0,0,0,0,210.52212411275138,210.52212411275138,210.52212411275138,0.0
8,0,333,known,512,0.0,248.0,1529.75,0,0,0,0,490.83285459380903,490.83285459380903,490.83285459380903,0.0
8,0,333,product,512,0.0,248.0,1529.75,0,0,0,0,490.83285459380903,490.83285459380903,490.83285459380903,0.0
8,0,444,prefix,512,0.0,248.0,1553.25,0,0,0,0,491.54594345518564,491.54594345518564,491.54594345518564,0.0
8,0,444,intersection,512,0.0,248.0,1553.25,0,0,0,0,491.54594345518564,491.54594345518564,491.54594345518564,0.0
8,0,444,completed,512,0.0,248.0,1553.25,0,0,0,0,491.54594345518564,491.54594345518564,491.54594345518564,0.0
8,0,444,plugin,512,0.0,248.0,1553.25,0,0,0,0,491.54594345518564,491.54594345518564,491.54594345518564,0.0
8,0,444,safe,512,286.0,0.0,1805.0,0,0,0,0,210.52212411275138,210.52212411275138,210.52212411275138,0.0
8,0,444,known,512,0.0,248.0,1553.25,0,0,0,0,491.54594345518564,491.54594345518564,491.54594345518564,0.0
8,0,444,product,512,0.0,248.0,1553.25,0,0,0,0,491.54594345518564,491.54594345518564,491.54594345518564,0.0
8,16,111,prefix,512,0.0,248.0,1517.25,0,0,16,13,512.7206710308153,536.4384059749053,512.5479687739429,78.68199341630589
8,16,111,intersection,512,0.0,248.0,1517.25,0,0,16,13,512.7206710308153,536.4384059749053,512.5479687739429,78.68199341630589
8,16,111,completed,512,0.0,248.0,1517.25,0,0,16,13,512.7206710308153,536.4384059749053,512.5479687739429,78.68199341630589
8,16,111,plugin,512,6.298828125,245.7265625,1529.5,0,0,16,13,509.86938320122306,533.8340011070991,509.6950619821446,73.82096975412848
8,16,111,safe,512,286.0,0.0,1798.0,0,0,16,13,222.06496305677354,231.8767407705171,221.89226079990115,28.549124281417438
8,16,111,known,512,0.0,248.0,1517.25,0,0,16,13,512.7206710308153,536.4384059749053,512.5479687739429,78.68199341630589
8,16,111,product,512,0.0,248.0,1517.25,0,0,16,13,512.7206710308153,536.4384059749053,512.5479687739429,78.68199341630589
8,16,222,prefix,512,0.0,248.0,1526.0,0,0,16,13,513.1886989566798,536.8927991852319,513.0199145931605,93.4420403938046
8,16,222,intersection,512,0.0,248.0,1526.0,0,0,16,13,513.1886989566798,536.8927991852319,513.0199145931605,93.4420403938046
8,16,222,completed,512,0.0,248.0,1526.0,0,0,16,13,513.1886989566798,536.8927991852319,513.0199145931605,93.4420403938046
8,16,222,plugin,512,0.19140625,247.453125,1525.75,0,0,16,13,512.8571798292412,536.5435439952082,512.6843908485025,93.40791198534191
8,16,222,safe,512,286.0,0.0,1783.0,0,0,16,13,222.15635262118107,232.9921053871402,222.0152239764011,39.34291322666486
8,16,222,known,512,0.0,248.0,1526.0,0,0,16,13,513.1886989566798,536.8927991852319,513.0199145931605,93.4420403938046
8,16,222,product,512,0.0,248.0,1526.0,0,0,16,13,513.1886989566798,536.8927991852319,513.0199145931605,93.4420403938046
8,16,333,prefix,512,0.0,248.0,1529.75,0,0,16,12,512.5640067802624,536.085653781585,512.389166286897,79.85532293281143
8,16,333,intersection,512,0.0,248.0,1529.75,0,0,16,12,512.5640067802624,536.085653781585,512.389166286897,79.85532293281143
8,16,333,completed,512,0.0,248.0,1529.75,0,0,16,12,512.5640067802624,536.085653781585,512.389166286897,79.85532293281143
8,16,333,plugin,512,2.310546875,243.0859375,1533.5,0,0,16,12,509.50399681082354,532.2861981726078,509.3276445598667,76.6553282357603
8,16,333,safe,512,286.0,0.0,1807.0,0,0,16,12,221.74009651686583,230.53395555533984,221.5653499149512,32.86763123979825
8,16,333,known,512,0.0,248.0,1529.75,0,0,16,12,512.5640067802624,536.085653781585,512.389166286897,79.85532293281143
8,16,333,product,512,0.0,248.0,1529.75,0,0,16,12,512.5640067802624,536.085653781585,512.389166286897,79.85532293281143
8,16,444,prefix,512,0.0,248.0,1553.25,0,0,16,12,513.0464124334497,537.600808087687,513.024285690465,88.50337062224725
8,16,444,intersection,512,0.0,248.0,1553.25,0,0,16,12,513.0464124334497,537.600808087687,513.024285690465,88.50337062224725
8,16,444,completed,512,0.0,248.0,1553.25,0,0,16,12,513.0464124334497,537.600808087687,513.024285690465,88.50337062224725
8,16,444,plugin,512,0.02734375,247.921875,1553.25,0,0,16,12,513.0464124334497,537.600808087687,513.024285690465,88.50337062224725
8,16,444,safe,512,286.0,0.0,1805.0,0,0,16,12,222.02164117046985,233.029497521494,222.0107251145822,34.67342070221346
8,16,444,known,512,0.0,248.0,1553.25,0,0,16,12,513.0464124334497,537.600808087687,513.024285690465,88.50337062224725
8,16,444,product,512,0.0,248.0,1553.25,0,0,16,12,513.0464124334497,537.600808087687,513.024285690465,88.50337062224725
8,64,111,prefix,512,0.0,248.0,1517.25,0,0,64,40,580.6630616953546,644.8252102789694,580.1379772431791,227.6318003741887
8,64,111,intersection,512,0.0,248.0,1517.25,0,0,64,40,580.6630616953546,644.8252102789694,580.1379772431791,227.6318003741887
8,64,111,completed,512,22.90234375,228.140625,1537.0,41,41,64,40,565.6635881001001,627.9293308341265,565.1385036479246,206.30681763792617
8,64,111,plugin,512,12.205078125,228.8515625,1538.5,0,0,64,40,567.5000202962262,629.1584771610277,566.9749358440508,210.39841643974222
8,64,111,safe,512,286.0,0.0,1798.0,0,0,64,40,258.46432057811353,283.7863342051584,257.939236125938,86.45137805238086
8,64,111,known,512,0.0,248.0,1517.25,0,0,64,40,580.6630616953546,644.8252102789694,580.1379772431791,227.6318003741887
8,64,111,product,512,0.0,248.0,1517.25,0,0,64,40,580.6630616953546,644.8252102789694,580.1379772431791,227.6318003741887
8,64,222,prefix,512,0.0,248.0,1526.0,0,0,64,45,581.4425121116047,646.049295344248,581.2033190471537,258.3879929526666
8,64,222,intersection,512,0.0,248.0,1526.0,0,0,64,45,581.4425121116047,646.049295344248,581.2033190471537,258.3879929526666
8,64,222,completed,512,0.0,248.0,1526.0,0,0,64,45,581.4425121116047,646.049295344248,581.2033190471537,258.3879929526666
8,64,222,plugin,512,5.291015625,232.8828125,1531.0,0,0,64,45,572.7900767976088,636.8923800122597,572.5508837331578,245.4547911125079
8,64,222,safe,512,286.0,0.0,1783.0,0,0,64,45,258.55019364481467,286.8196109471495,258.3110005803636,108.49643430085874
8,64,222,known,512,0.0,248.0,1526.0,0,0,64,45,581.4425121116047,646.049295344248,581.2033190471537,258.3879929526666
8,64,222,product,512,0.0,248.0,1526.0,0,0,64,45,581.4425121116047,646.049295344248,581.2033190471537,258.3879929526666
8,64,333,prefix,512,0.0,248.0,1529.75,0,0,64,39,580.2049849796001,640.168955499552,578.0077658083421,229.30991568857013
8,64,333,intersection,512,0.0,248.0,1529.75,0,0,64,39,580.2049849796001,640.168955499552,578.0077658083421,229.30991568857013
8,64,333,completed,512,15.640625,234.4375,1548.5,28,28,64,39,569.3648403427713,628.8591139736794,567.1676211715132,211.805041339646
8,64,333,plugin,512,8.380859375,225.7421875,1537.75,0,0,64,39,565.0699772459252,624.2847449800577,562.8673943908296,218.45384594848008
8,64,333,safe,512,286.0,0.0,1807.0,0,0,64,37,258.13405467097635,279.738106052557,255.93683549971817,91.48156327981488
8,64,333,known,512,0.0,248.0,1529.75,0,0,64,39,580.2049849796001,640.168955499552,578.0077658083421,229.30991568857013
8,64,333,product,512,0.0,248.0,1529.75,0,0,64,39,580.2049849796001,640.168955499552,578.0077658083421,229.30991568857013
8,64,444,prefix,512,0.0,248.0,1553.25,0,0,64,40,580.4228949648559,647.4978386004292,579.9995780037169,246.74171086361105
8,64,444,intersection,512,0.0,248.0,1553.25,0,0,64,40,580.4228949648559,647.4978386004292,579.9995780037169,246.74171086361105
8,64,444,completed,512,7.8203125,241.21875,1558.5,14,14,64,40,575.1701610829174,642.111000818679,574.7468441217783,239.487455361565
8,64,444,plugin,512,3.322265625,238.5078125,1556.75,0,0,64,40,574.7070245121175,641.3251580222974,574.2837075509785,238.52813972850979
8,64,444,safe,512,286.0,0.0,1805.0,0,0,64,40,258.4148443241799,285.8764601038409,257.991527363041,99.34775269056509
8,64,444,known,512,0.0,248.0,1553.25,0,0,64,40,580.4228949648559,647.4978386004292,579.9995780037169,246.74171086361105
8,64,444,product,512,0.0,248.0,1553.25,0,0,64,40,580.4228949648559,647.4978386004292,579.9995780037169,246.74171086361105
20,0,111,prefix,512,20.09765625,223.703125,1579.75,0,0,0,0,451.33921087869174,451.33921087869174,451.33921087869174,0.0
20,0,111,intersection,512,20.09765625,223.703125,1579.75,0,0,0,0,451.33921087869174,451.33921087869174,451.33921087869174,0.0
20,0,111,completed,512,20.09765625,223.703125,1579.75,0,0,0,0,451.33921087869174,451.33921087869174,451.33921087869174,0.0
20,0,111,plugin,512,1.8046875,110.46875,1569.5,0,0,0,0,362.44597484965107,362.44597484965107,362.44597484965107,0.0
20,0,111,safe,512,237.0,0.0,1783.0,0,0,0,0,210.52212411275138,210.52212411275138,210.52212411275138,0.0
20,0,111,known,512,0.0,108.0,1569.0,0,0,0,0,359.075549690012,359.075549690012,359.075549690012,0.0
20,0,111,product,512,0.0,108.0,1569.0,0,0,0,0,359.075549690012,359.075549690012,359.075549690012,0.0
20,0,222,prefix,512,12.646484375,178.1171875,1560.5,0,0,0,0,426.51390796978586,426.51390796978586,426.51390796978586,0.0
20,0,222,intersection,512,12.646484375,178.1171875,1560.5,0,0,0,0,426.51390796978586,426.51390796978586,426.51390796978586,0.0
20,0,222,completed,512,12.646484375,178.1171875,1560.5,0,0,0,0,426.51390796978586,426.51390796978586,426.51390796978586,0.0
20,0,222,plugin,512,1.17578125,109.390625,1551.5,0,0,0,0,361.70287603084256,361.70287603084256,361.70287603084256,0.0
20,0,222,safe,512,237.0,0.0,1791.0,0,0,0,0,210.52212411275138,210.52212411275138,210.52212411275138,0.0
20,0,222,known,512,0.0,108.0,1551.25,0,0,0,0,360.01570350567107,360.01570350567107,360.01570350567107,0.0
20,0,222,product,512,0.0,108.0,1551.25,0,0,0,0,360.01570350567107,360.01570350567107,360.01570350567107,0.0
20,0,333,prefix,512,24.85546875,282.484375,1555.5,0,0,0,0,481.68869122765307,481.68869122765307,481.68869122765307,0.0
20,0,333,intersection,512,24.85546875,282.484375,1555.5,0,0,0,0,481.68869122765307,481.68869122765307,481.68869122765307,0.0
20,0,333,completed,512,24.85546875,282.484375,1555.5,0,0,0,0,481.68869122765307,481.68869122765307,481.68869122765307,0.0
20,0,333,plugin,512,3.25390625,119.203125,1540.25,0,0,0,0,372.6397018161738,372.6397018161738,372.6397018161738,0.0
20,0,333,safe,512,237.0,0.0,1789.0,0,0,0,0,210.52212411275138,210.52212411275138,210.52212411275138,0.0
20,0,333,known,512,0.0,108.0,1536.25,0,0,0,0,360.9508784748626,360.9508784748626,360.9508784748626,0.0
20,0,333,product,512,0.0,108.0,1536.25,0,0,0,0,360.9508784748626,360.9508784748626,360.9508784748626,0.0
20,0,444,prefix,512,16.255859375,168.6796875,1562.75,0,0,0,0,418.2837796336215,418.2837796336215,418.2837796336215,0.0
20,0,444,intersection,512,16.255859375,168.6796875,1562.75,0,0,0,0,418.2837796336215,418.2837796336215,418.2837796336215,0.0
20,0,444,completed,512,16.255859375,168.6796875,1562.75,0,0,0,0,418.2837796336215,418.2837796336215,418.2837796336215,0.0
20,0,444,plugin,512,7.13671875,117.109375,1549.0,0,0,0,0,371.26151064204277,371.26151064204277,371.26151064204277,0.0
20,0,444,safe,512,237.0,0.0,1788.0,0,0,0,0,210.52212411275138,210.52212411275138,210.52212411275138,0.0
20,0,444,known,512,0.0,108.0,1546.0,0,0,0,0,363.42092622324407,363.42092622324407,363.42092622324407,0.0
20,0,444,product,512,0.0,108.0,1546.0,0,0,0,0,363.42092622324407,363.42092622324407,363.42092622324407,0.0
20,16,111,prefix,512,24.814453125,195.8515625,1589.75,0,0,16,13,450.36543205733506,467.2322139941562,450.07064714635794,70.86510354898577
20,16,111,intersection,512,19.810546875,177.8984375,1584.25,0,0,16,13,440.6427835182505,457.43831750198837,440.28703817570863,71.05933112275167
20,16,111,completed,512,21.328125,220.8125,1576.25,0,0,16,13,468.82013408254846,486.0723559546414,468.4819131084953,76.21139374026168
20,16,111,plugin,512,2.392578125,111.1640625,1569.5,0,0,16,13,379.7800064544474,396.86119117030205,379.77039540671177,67.12467169554164
20,16,111,safe,512,237.0,0.0,1783.0,0,0,16,13,222.16606703761954,231.22050442320958,222.1576891423864,32.657248970035894
20,16,111,known,512,0.0,108.0,1569.0,0,0,16,13,376.48009951095867,393.42086688623925,376.4077821999742,62.903376716477574
20,16,111,product,512,0.0,108.0,1569.0,0,0,16,13,376.48009951095867,393.42086688623925,376.4077821999742,62.903376716477574
20,16,222,prefix,512,21.4375,183.5,1567.75,0,0,16,12,447.97620842556097,466.8457408178559,447.64587439450605,72.33903099270441
20,16,222,intersection,512,21.4375,183.5,1567.75,0,0,16,12,447.97620842556097,466.8457408178559,447.64587439450605,72.33903099270441
20,16,222,completed,512,15.2578125,178.53125,1560.25,0,0,16,12,445.6889253200192,464.40633694698846,445.3114403244344,70.71844430968498
20,16,222,plugin,512,1.17578125,109.390625,1551.5,0,0,16,12,379.2578668114887,398.1232172303347,379.18930656822505,66.11452465668694
20,16,222,safe,512,237.0,0.0,1791.0,0,0,16,12,222.10710684997733,232.81886302390623,222.03854660671365,34.48209263756116
20,16,222,known,512,0.0,108.0,1551.25,0,0,16,12,377.564980063764,396.48832720523455,377.49641982050025,63.64694609696422
20,16,222,product,512,0.0,108.0,1551.25,0,0,16,12,377.564980063764,396.48832720523455,377.49641982050025,63.64694609696422
20,16,333,prefix,512,32.416015625,276.3828125,1568.25,0,0,16,14,497.1848365677504,517.203232567826,496.6306911001647,75.4720340862273
20,16,333,intersection,512,31.595703125,268.7265625,1569.5,0,0,16,14,493.3438317432338,513.3340640513921,492.7906771099732,75.40930554943216
20,16,333,completed,512,24.623046875,275.5234375,1555.75,0,0,16,14,498.9365247803807,518.7996014756333,498.41244297840416,76.29252577628516
20,16,333,plugin,512,7.328125,157.0625,1544.0,0,0,16,14,426.9662032907828,445.7984610448345,426.5994921189898,72.49148395023482
20,16,333,safe,512,237.0,0.0,1789.0,0,0,16,14,222.01919614966332,232.372393682566,221.70411988617008,34.35816741276745
20,16,333,known,512,0.0,108.0,1536.25,0,0,16,14,378.53777313720394,397.25968415932545,378.2226968737106,66.74231501836688
20,16,333,product,512,0.0,108.0,1536.25,0,0,16,14,378.53777313720394,397.25968415932545,378.2226968737106,66.74231501836688
20,16,444,prefix,512,24.63671875,170.234375,1572.25,0,0,16,13,437.05392306017643,455.9792275159076,436.8030808255008,79.96591160519404
20,16,444,intersection,512,23.2421875,171.59375,1570.25,0,0,16,13,437.2984460308397,456.21927035295903,437.05889406939394,80.40249285932501
20,16,444,completed,512,20.58984375,170.796875,1568.25,0,0,16,13,437.5928387892013,456.45722090850455,437.3381915702278,80.59715198124509
20,16,444,plugin,512,11.08203125,125.796875,1554.0,0,0,16,13,398.1551160486875,417.11970610401346,398.1447674959171,76.30187512285731
20,16,444,safe,512,237.0,0.0,1788.0,0,0,16,13,222.14903691971753,232.62857307504012,222.13868836694718,41.41988777800551
20,16,444,known,512,0.0,108.0,1546.0,0,0,16,13,381.2985386642641,400.5273193814299,381.28819011149375,73.78069378100567
20,16,444,product,512,0.0,108.0,1546.0,0,0,16,13,381.2985386642641,400.5273193814299,381.28819011149375,73.78069378100567
20,64,111,prefix,512,49.669921875,197.8359375,1617.5,0,0,64,37,520.8077224359515,554.1469198480985,514.5564718025989,192.5469836475119
20,64,111,intersection,512,26.482421875,201.8359375,1588.25,0,0,64,37,517.690453071236,555.9742893054952,512.6432313590743,192.94234187840735
20,64,111,completed,512,22.0703125,209.875,1580.25,5,5,64,37,521.4032101782218,560.8223546226369,516.8797067242818,191.5741962527808
20,64,111,plugin,512,3.294921875,108.5859375,1571.25,0,0,64,37,431.8530653327173,474.7751982400835,431.0542224029268,176.13354194238437
20,64,111,safe,512,237.0,0.0,1783.0,0,0,64,37,258.5609673977589,278.99507256300177,257.7621244679683,91.68447715863472
20,64,111,known,512,0.0,108.0,1569.0,0,0,64,37,429.85595220945237,472.97349880137216,429.05710927966186,173.15858565478456
20,64,111,product,512,0.0,108.0,1569.0,0,0,64,37,429.85595220945237,472.97349880137216,429.05710927966186,173.15858565478456
20,64,222,prefix,512,47.1953125,193.90625,1601.25,0,0,64,40,520.9550108334034,559.9115159831657,515.0086118616981,196.03281796392298
20,64,222,intersection,512,22.3671875,182.59375,1569.75,0,0,64,40,509.4307686104923,553.8340614750886,506.08374096234854,192.60513480308495
20,64,222,completed,512,19.5859375,178.40625,1570.5,10,10,64,40,507.911563542577,553.2424400387232,505.1816792354135,187.37917252706896
20,64,222,plugin,512,1.96875,107.125,1552.0,0,0,64,40,431.89080967621413,480.2281699788827,431.49668331628953,180.87585872270708
20,64,222,safe,512,237.0,0.0,1791.0,0,0,64,40,258.5019560179291,284.3516094218621,258.1078296580045,97.44235249150788
20,64,222,known,512,0.0,108.0,1551.25,0,0,64,40,431.1669713753976,479.9357604733419,430.772845015473,179.422322596505
20,64,222,product,512,0.0,108.0,1551.25,0,0,64,40,431.1669713753976,479.9357604733419,430.772845015473,179.422322596505
20,64,333,prefix,512,56.65625,272.625,1593.25,0,0,64,41,560.7904752153581,606.3372899887388,555.3852474721064,208.1999187455555
20,64,333,intersection,512,36.873046875,265.2734375,1577.75,0,0,64,41,557.7645269097977,606.2347101374237,554.6296544415324,212.0828807841156
20,64,333,completed,512,32.546875,250.3125,1559.5,24,24,64,41,549.7358238462481,597.3279018363604,545.8753034348283,202.2045267384222
20,64,333,plugin,512,4.6484375,122.71875,1539.25,0,0,64,41,452.9284647518488,503.67095966812803,451.39406571769706,189.23583301350192
20,64,333,safe,512,237.0,0.0,1789.0,0,0,64,41,258.4160657716861,286.46543840123206,256.8816667375343,98.62443302421269
20,64,333,known,512,0.0,108.0,1536.25,0,0,64,41,434.20808704954777,485.0921386273627,432.673688015396,186.23416991343652
20,64,333,product,512,0.0,108.0,1536.25,0,0,64,41,434.20808704954777,485.0921386273627,432.673688015396,186.23416991343652
20,64,444,prefix,512,51.501953125,190.9765625,1598.75,0,0,64,41,516.6792634514176,555.6100630469616,508.9180616925648,211.5499545930248
20,64,444,intersection,512,23.2421875,171.59375,1570.25,0,0,64,41,498.4143045595272,543.3753063510766,494.30205141236235,209.01869329406503
20,64,444,completed,512,18.990234375,184.6171875,1564.5,0,0,64,41,507.86079643555615,553.7879612154013,504.03569969249844,208.57874743504325
20,64,444,plugin,512,13.759765625,136.4140625,1556.5,0,0,64,41,466.6134323342014,514.7801271973143,465.4029954073386,195.97239131524347
20,64,444,safe,512,237.0,0.0,1788.0,0,0,64,41,258.54187467005937,284.5294857043675,257.3632209313375,109.05570806027177
20,64,444,known,512,0.0,108.0,1546.0,0,0,64,41,436.4389897731746,486.1512354456644,435.2603360344527,194.97973651129828
20,64,444,product,512,0.0,108.0,1546.0,0,0,64,41,436.4389897731746,486.1512354456644,435.2603360344527,194.97973651129828
