scenario,blockers,horizon,algorithm,cells,pseudo_regret_mean,pseudo_regret_median,pseudo_regret_sample_sd,regret_per_sqrt_horizon,confidence_exclusions,safe_fallbacks,maximum_prefix_debt,maximum_unreturned,prefix_exposure_mean,completion_exposure_mean,intersection_exposure_mean,unresolved_mass_exposure_mean,sharp_unresolved_mass_envelope_mean
front-blockers-1,1,128,completed,12,6.283040364583333,6.0,5.608659376778519,0.5553475560332091,0,0,127,1,255.75,201.12658172802708,201.12658172802708,14.85514239443743,14.855142394437427
front-blockers-1,1,128,intersection,12,6.47412109375,6.0,5.85639715552949,0.5722368659516865,0,0,127,1,255.75,201.14004101538416,201.14004101538416,14.855790571683578,14.855790571683578
front-blockers-1,1,128,known,12,0.0,0.0,0.0,0.0,0,0,127,1,217.25,166.63333128931947,166.63333128931947,11.776495933240067,11.77649593324007
front-blockers-1,1,128,plugin,12,1.7858072916666667,0.5341796875,2.4379194324112,0.15784455572873535,0,0,127,1,220.41666666666666,170.35978538259008,170.35978538259008,13.184477806650833,13.184477806650833
front-blockers-1,1,128,prefix,12,27.083333333333332,6.0,35.66532141331621,2.3938510821419574,0,0,127,1,256.0,195.29602683624637,195.29602683624637,14.326711580507043,14.326711580507043
front-blockers-1,1,256,completed,12,8.1123046875,8.3818359375,6.886876237974882,0.50701904296875,0,0,255,1,492.0,311.61855491529633,311.61855491529633,16.731952554322447,16.731952554322444
front-blockers-1,1,256,intersection,12,8.490885416666666,8.9560546875,7.166501086999133,0.5306803385416666,0,0,255,1,493.25,312.3995614833116,312.3995614833116,16.749851692672525,16.74985169267252
front-blockers-1,1,256,known,12,0.0,0.0,0.0,0.0,0,0,255,1,433.25,264.7264269149212,264.7264269149212,13.391010160107488,13.391010160107488
front-blockers-1,1,256,plugin,12,1.7858072916666667,0.5341796875,2.4379194324112,0.11161295572916667,0,0,255,1,436.4166666666667,268.760617471467,268.760617471467,14.812594838388193,14.812594838388192
front-blockers-1,1,256,prefix,12,54.166666666666664,12.0,71.33064282663241,3.3854166666666665,0,0,255,1,512.0,311.72644276284916,311.72644276284916,16.43977587418658,16.43977587418658
front-blockers-1,1,512,completed,12,9.171061197916666,8.9912109375,8.349036810775143,0.405307472732731,0,0,511,1,929.5,457.7816216066368,457.7816216066368,18.394450057218975,18.39445005721897
front-blockers-1,1,512,intersection,12,9.715494791666666,9.4423828125,8.88161240083716,0.4293682656106302,0,0,511,1,934.75,460.5761300007686,460.5761300007686,18.44751368058654,18.447513680586532
front-blockers-1,1,512,known,12,0.0,0.0,0.0,0.0,0,0,511,1,861.9166666666666,406.5842879969401,406.5842879969401,14.999725543109244,14.999725543109241
front-blockers-1,1,512,plugin,12,1.7858072916666667,0.5341796875,2.4379194324112,0.07892227786436767,0,0,511,1,865.0833333333334,410.81928774297546,410.81928774297546,16.42735762734757,16.42735762734757
front-blockers-1,1,512,prefix,12,108.33333333333333,24.0,142.66128565326483,4.787702164283915,0,0,511,1,1024.0,483.24847435232306,483.24847435232306,18.570444196273176,18.57044419627318
front-blockers-1,1,1024,completed,12,9.614583333333334,9.462890625,8.747693927950344,0.3004557291666667,0,0,1023,1,1800.25,669.0087145829586,669.0087145829586,20.068230923776856,20.068230923776838
front-blockers-1,1,1024,intersection,12,10.1689453125,9.650390625,9.316429533364987,0.317779541015625,0,0,1023,1,1804.1666666666667,671.2435500435245,671.2435500435245,20.111714194567973,20.11171419456796
front-blockers-1,1,1024,known,12,0.0,0.0,0.0,0.0,0,0,1023,1,1727.6666666666667,614.6104218484691,614.6104218484691,16.628312855731178,16.628312855731167
front-blockers-1,1,1024,plugin,12,1.7858072916666667,0.5341796875,2.4379194324112,0.055806477864583336,0,0,1023,1,1730.8333333333333,618.9928055493044,618.9928055493044,18.058985087525425,18.058985087525418
front-blockers-1,1,1024,prefix,12,216.66666666666666,48.0,285.32257130652965,6.770833333333333,0,0,1023,1,2048.0,731.4303796401794,731.4303796401794,20.635927227088743,20.63592722708874
front-blockers-1,1,2048,completed,12,10.081868489583334,9.650390625,9.239812183142698,0.2227799242504797,0,0,2047,1,3532.4166666666665,971.7095122980008,971.7095122980008,21.72189080875069,21.72189080875068
front-blockers-1,1,2048,intersection,12,10.668782552083334,9.8349609375,9.73495302071099,0.23574901529946393,0,0,2047,1,3536.0,973.7022303242802,973.7022303242802,21.757960572288944,21.75796057228893
front-blockers-1,1,2048,known,12,0.0,0.0,0.0,0.0,0,0,2047,1,3456.3333333333335,914.737656041841,914.737656041841,18.24661456404988,18.246614564049867
front-blockers-1,1,2048,plugin,12,1.7858072916666667,0.5341796875,2.4379194324112,0.03946113893218384,0,0,2047,1,3459.5,919.2240835386002,919.2240835386002,19.678759040551583,19.678759040551583
front-blockers-1,1,2048,prefix,12,433.3333333333333,96.0,570.6451426130593,9.57540432856783,0,0,2047,1,4096.0,1090.7870735503748,1090.7870735503748,22.70964831668837,22.709648316688366
front-blockers-4,4,128,completed,12,6.903971354166667,6.0,6.360660130299629,0.6102306202061152,0,0,127,4,255.5,209.88124425762388,209.88124425762388,46.41033276625624,46.41033276625624
front-blockers-4,4,128,intersection,12,7.57275390625,6.0,7.253949330348053,0.6693432049207865,0,0,127,4,255.91666666666666,210.18157032534495,210.18157032534495,46.438896238072815,46.43889623807281
front-blockers-4,4,128,known,12,0.0,0.0,0.0,0.0,0,0,127,4,217.25,174.21831109457426,174.21831109457426,36.99487262184917,36.99487262184917
front-blockers-4,4,128,plugin,12,1.9773763020833333,0.6650390625,2.2088264298685782,0.174777024020088,0,0,127,4,219.58333333333334,177.09028708739254,177.09028708739254,40.34240139934815,40.342401399348155
front-blockers-4,4,128,prefix,12,27.083333333333332,6.0,35.66532141331621,2.3938510821419574,0,0,127,4,256.0,204.0793627586959,204.0793627586959,44.306846322028164,44.306846322028164
front-blockers-4,4,256,completed,12,8.666178385416666,9.1904296875,7.36695281521343,0.5416361490885416,0,0,255,4,492.0,325.8216736546992,325.8216736546992,53.941512129493546,53.94151212949355
front-blockers-4,4,256,intersection,12,10.745442708333334,10.880859375,9.279901910062156,0.6715901692708334,0,0,255,4,505.4166666666667,333.6481916622829,333.6481916622829,54.54039560992838,54.54039560992839
front-blockers-4,4,256,known,12,0.0,0.0,0.0,0.0,0,0,255,4,433.25,276.8313839398164,276.8313839398164,43.45292952931884,43.452929529318844
front-blockers-4,4,256,plugin,12,1.9773763020833333,0.6650390625,2.2088264298685782,0.12358601888020833,0,0,255,4,435.5833333333333,280.25659775837727,280.25659775837727,46.89113544889748,46.891135448897494
front-blockers-4,4,256,prefix,12,54.166666666666664,12.0,71.33064282663241,3.3854166666666665,0,0,255,4,512.0,325.7146351077758,325.7146351077758,52.759103496746306,52.75910349674632
front-blockers-4,4,512,completed,12,9.789225260416666,9.48046875,8.903881928341221,0.4326267227627044,0,0,511,4,929.3333333333334,477.018840406093,477.018840406093,60.64836924002919,60.64836924002918
front-blockers-4,4,512,intersection,12,12.239095052083334,12.0380859375,10.72168709715365,0.5408966941821779,0,0,511,4,948.9166666666666,487.5605761954177,487.5605761954177,61.37291223612446,61.372912236124456
front-blockers-4,4,512,known,12,0.0,0.0,0.0,0.0,0,0,511,4,861.9166666666666,423.20984974339035,423.20984974339035,49.88779106132587,49.887791061325856
front-blockers-4,4,512,plugin,12,1.9773763020833333,0.6650390625,2.2088264298685782,0.087388512010044,0,0,511,4,864.25,426.96316371427486,426.96316371427486,53.363262190763415,53.36326219076342
front-blockers-4,4,512,prefix,12,108.33333333333333,24.0,142.66128565326483,4.787702164283915,0,0,511,4,1024.0,502.5293430081224,502.5293430081224,61.281776785092696,61.28177678509272
front-blockers-4,4,1024,completed,12,10.159342447916666,9.685546875,9.298553933785598,0.3174794514973958,0,0,1023,4,1799.3333333333333,692.3211802133485,692.3211802133485,67.292340339477,67.29234033947695
front-blockers-4,4,1024,intersection,12,12.629069010416666,12.28125,11.096721723628574,0.3946584065755208,0,0,1023,4,1818.0833333333333,702.5840844773777,702.5840844773777,67.97962042174906,67.979620421749
front-blockers-4,4,1024,known,12,0.0,0.0,0.0,0.0,0,0,1023,4,1727.6666666666667,635.819699640316,635.819699640316,56.40214031181361,56.40214031181357
front-blockers-4,4,1024,plugin,12,1.9773763020833333,0.6650390625,2.2088264298685782,0.061793009440104164,0,0,1023,4,1730.0,639.7960051020561,639.7960051020561,59.89524585662003,59.895245856619994
front-blockers-4,4,1024,prefix,12,216.66666666666666,48.0,285.32257130652965,6.770833333333333,0,0,1023,4,2048.0,756.4694546102852,756.4694546102852,69.54370890835493,69.54370890835496
front-blockers-4,4,2048,completed,12,11.288411458333334,11.4609375,9.872269768436507,0.249441009094107,0,0,2047,4,3537.75,1002.8416668135319,1002.8416668135319,74.09576882173866,74.09576882173869
front-blockers-4,4,2048,intersection,12,13.20947265625,14.05078125,11.430108510804455,0.2918908653478953,0,0,2047,4,3552.0,1010.5844977831022,1010.5844977831022,74.5921499111881,74.59214991118806
front-blockers-4,4,2048,known,12,0.0,0.0,0.0,0.0,0,0,2047,4,3456.3333333333335,940.5249862331266,940.5249862331266,62.875347145088426,62.87534714508836
front-blockers-4,4,2048,plugin,12,1.9773763020833333,0.6650390625,2.2088264298685782,0.043694256005022,0,0,2047,4,3458.6666666666665,944.653386033423,944.653386033423,66.37682757568179,66.37682757568173
front-blockers-4,4,2048,prefix,12,433.3333333333333,96.0,570.6451426130593,9.57540432856783,0,0,2047,4,4096.0,1121.691358285042,1121.691358285042,77.83859326675343,77.83859326675346
