scenario,blockers,horizon,truth,seed,algorithm,episodes,pseudo_regret,expected_waste,realized_cost,confidence_exclusions,safe_fallbacks,maximum_prefix_debt,maximum_unreturned,launches0,launches1,launches2,prefix_exposure,completion_exposure,intersection_exposure,unresolved_mass_exposure,sharp_unresolved_mass_envelope
front-blockers-1,1,128,0,333,prefix,128,6.0,106.0,441.25,0,0,127,1,128,67,61,256.0,201.7103959531366,201.7103959531366,14.879632039782818,14.879632039782809
front-blockers-1,1,128,0,333,intersection,128,6.0,106.0,441.25,0,0,127,1,128,67,61,256.0,201.7103959531366,201.7103959531366,14.879632039782818,14.879632039782809
front-blockers-1,1,128,0,333,completed,128,6.0,106.0,441.25,0,0,127,1,128,67,61,256.0,201.7103959531366,201.7103959531366,14.879632039782818,14.879632039782809
front-blockers-1,1,128,0,333,plugin,128,3.201171875,48.8671875,435.25,0,0,127,1,128,47,8,183.0,142.00733697742382,142.00733697742382,12.43487898143241,12.434878981432421
front-blockers-1,1,128,0,333,known,128,0.0,50.0,432.0,0,0,127,1,128,56,0,184.0,140.46938601486352,140.46938601486352,10.018946804515256,10.01894680451526
front-blockers-4,4,128,0,333,prefix,128,6.0,106.0,441.25,0,0,127,4,128,67,61,256.0,210.6777817938866,210.6777817938866,46.51852815913124,46.518528159131236
front-blockers-4,4,128,0,333,intersection,128,6.0,106.0,441.25,0,0,127,4,128,67,61,256.0,210.6777817938866,210.6777817938866,46.51852815913124,46.518528159131236
front-blockers-4,4,128,0,333,completed,128,6.0,106.0,441.25,0,0,127,4,128,67,61,256.0,210.6777817938866,210.6777817938866,46.51852815913124,46.518528159131236
front-blockers-4,4,128,0,333,plugin,128,3.599609375,41.7421875,438.75,0,0,127,4,128,39,8,175.0,140.87645422961847,140.87645422961847,35.98437499496664,35.98437499496666
front-blockers-4,4,128,0,333,known,128,0.0,50.0,432.0,0,0,127,4,128,56,0,184.0,146.7452195760103,146.7452195760103,31.409120551394373,31.409120551394373
front-blockers-1,1,256,0,333,prefix,256,12.0,212.0,879.5,0,0,255,1,256,139,117,512.0,322.8792012226364,322.8792012226364,16.963636883330715,16.96363688333071
front-blockers-1,1,256,0,333,intersection,256,10.646484375,199.3671875,877.0,0,0,255,1,256,139,107,502.0,317.93982667962547,317.93982667962547,16.873891199048064,16.873891199048064
front-blockers-1,1,256,0,333,completed,256,10.359375,196.6875,876.75,0,0,255,1,256,139,106,501.0,317.4331311994853,317.4331311994853,16.86445723678391,16.864457236783913
front-blockers-1,1,256,0,333,plugin,256,3.201171875,98.8671875,864.75,0,0,255,1,256,110,8,374.0,231.0262946276812,231.0262946276812,13.986439544827483,13.98643954482749
front-blockers-1,1,256,0,333,known,256,0.0,100.0,861.5,0,0,255,1,256,119,0,375.0,227.42158090772097,227.42158090772097,11.472570305492795,11.472570305492804
front-blockers-4,4,256,0,333,prefix,256,12.0,212.0,879.5,0,0,255,4,256,139,117,512.0,337.68258885850787,337.68258885850787,54.85454753332284,54.85454753332285
front-blockers-4,4,256,0,333,intersection,256,12.0,212.0,879.5,0,0,255,4,256,139,117,512.0,337.68258885850787,337.68258885850787,54.85454753332284,54.85454753332285
front-blockers-4,4,256,0,333,completed,256,10.359375,196.6875,876.75,0,0,255,4,256,139,106,501.0,331.9389798957162,331.9389798957162,54.45782894713564,54.45782894713565
front-blockers-4,4,256,0,333,plugin,256,3.599609375,91.7421875,868.25,0,0,255,4,256,102,8,366.0,236.85701892359668,236.85701892359668,42.64229745365219,42.64229745365221
front-blockers-4,4,256,0,333,known,256,0.0,100.0,861.5,0,0,255,4,256,119,0,375.0,237.7809431481188,237.7809431481188,37.22361455530453,37.22361455530455
front-blockers-1,1,512,0,333,prefix,512,24.0,424.0,1769.25,0,0,511,1,512,288,224,1024.0,498.7957688253496,498.7957688253496,19.03963035186551,19.039630351865533
front-blockers-1,1,512,0,333,intersection,512,11.4609375,306.96875,1756.5,0,0,511,1,512,272,109,893.0,445.3555850162597,445.3555850162597,18.259711156311468,18.259711156311454
front-blockers-1,1,512,0,333,completed,512,11.2265625,304.78125,1756.25,0,0,511,1,512,272,108,892.0,444.84082994080967,444.84082994080967,18.25045189705221,18.250451897052194
front-blockers-1,1,512,0,333,plugin,512,3.201171875,198.8671875,1744.75,0,0,511,1,512,237,8,757.0,357.9978433577255,357.9978433577255,15.450585170186917,15.45058517018693
front-blockers-1,1,512,0,333,known,512,0.0,200.0,1741.5,0,0,511,1,512,246,0,758.0,353.0808570059038,353.0808570059038,12.895076713014396,12.8950767130144
front-blockers-4,4,512,0,333,prefix,512,24.0,424.0,1769.25,0,0,511,4,512,288,224,1024.0,519.4342978886755,519.4342978886755,63.15852140746209,63.15852140746213
front-blockers-4,4,512,0,333,intersection,512,12.943359375,320.8046875,1759.75,0,0,511,4,512,274,120,906.0,470.1201566500536,470.1201566500536,60.45446482942514,60.45446482942518
front-blockers-4,4,512,0,333,completed,512,11.255859375,305.0546875,1756.25,0,0,511,4,512,272,108,892.0,463.1118236396956,463.1118236396956,60.00180758820877,60.001807588208784
front-blockers-4,4,512,0,333,plugin,512,3.599609375,191.7421875,1748.25,0,0,511,4,512,229,8,749.0,369.3568555623744,369.3568555623744,48.664692902658835,48.66469290265885
front-blockers-4,4,512,0,333,known,512,0.0,200.0,1741.5,0,0,511,4,512,246,0,758.0,367.44584581676634,367.44584581676634,42.913640185390925,42.91364018539093
front-blockers-1,1,1024,0,333,prefix,1024,48.0,848.0,3531.0,0,0,1023,1,1024,574,450,2048.0,754.3412182851038,754.3412182851038,21.122524562965452,21.122524562965424
front-blockers-1,1,1024,0,333,intersection,1024,12.28125,514.625,3511.5,0,0,1023,1,1024,530,116,1670.0,630.2501330422064,630.2501330422064,19.683837406536217,19.6838374065362
front-blockers-1,1,1024,0,333,completed,1024,11.466796875,507.0234375,3509.5,0,0,1023,1,1024,529,109,1662.0,626.3903134111521,626.3903134111521,19.619427106392283,19.619427106392266
front-blockers-1,1,1024,0,333,plugin,1024,3.201171875,398.8671875,3497.75,0,0,1023,1,1024,494,8,1526.0,541.0257887819724,541.0257887819724,16.87979494749619,16.87979494749621
front-blockers-1,1,1024,0,333,known,1024,0.0,400.0,3494.5,0,0,1023,1,1024,503,0,1527.0,535.2150857412167,535.2150857412167,14.305010579625215,14.3050105796252
front-blockers-4,4,1024,0,333,prefix,1024,48.0,848.0,3531.0,0,0,1023,4,1024,574,450,2048.0,780.8400852628401,780.8400852628401,71.49009825186184,71.4900982518617
front-blockers-4,4,1024,0,333,intersection,1024,13.32421875,524.359375,3513.25,0,0,1023,4,1024,531,122,1677.0,655.844460072506,655.844460072506,65.94547052380078,65.94547052380075
front-blockers-4,4,1024,0,333,completed,1024,11.537109375,507.6796875,3510.0,0,0,1023,4,1024,530,110,1664.0,649.173871053174,649.173871053174,65.52196710994848,65.52196710994845
front-blockers-4,4,1024,0,333,plugin,1024,3.599609375,391.7421875,3501.25,0,0,1023,4,1024,486,8,1518.0,557.2954321259506,557.2954321259506,54.453805528155044,54.453805528155044
front-blockers-4,4,1024,0,333,known,1024,0.0,400.0,3494.5,0,0,1023,4,1024,503,0,1527.0,553.550979672652,553.550979672652,48.5533756518342,48.55337565183413
front-blockers-1,1,2048,0,333,prefix,2048,96.0,1696.0,7130.5,0,0,2047,1,2048,1161,887,4096.0,1123.8738819652326,1123.8738819652326,23.199909255556964,23.199909255556936
front-blockers-1,1,2048,0,333,intersection,2048,12.521484375,916.8671875,7060.25,0,0,2047,1,2048,1054,118,3220.0,895.3394600720492,895.3394600720492,21.08233644265998,21.082336442660022
front-blockers-1,1,2048,0,333,completed,2048,12.45703125,916.265625,7059.75,0,0,2047,1,2048,1053,117,3218.0,894.650659815267,894.650659815267,21.07283976649667,21.072839766496678
front-blockers-1,1,2048,0,333,plugin,2048,3.201171875,798.8671875,7045.75,0,0,2047,1,2048,1017,8,3073.0,806.0419004591853,806.0419004591853,18.295783971719704,18.295783971719754
front-blockers-1,1,2048,0,333,known,2048,0.0,800.0,7042.5,0,0,2047,1,2048,1026,0,3074.0,799.60291933037,799.60291933037,15.711741772601957,15.711741772601949
front-blockers-4,4,2048,0,333,prefix,2048,96.0,1696.0,7130.5,0,0,2047,4,2048,1161,887,4096.0,1156.248949516506,1156.248949516506,79.79963702222788,79.79963702222773
front-blockers-4,4,2048,0,333,intersection,2048,16.5,954.0,7059.5,0,0,2047,4,2048,1054,155,3257.0,939.9819544645698,939.9819544645698,72.42436373212064,72.4243637321208
front-blockers-4,4,2048,0,333,completed,2048,12.46875,916.375,7060.0,0,0,2047,4,2048,1054,117,3219.0,920.8181434649825,920.8181434649825,71.29515773645187,71.29515773645205
front-blockers-4,4,2048,0,333,plugin,2048,3.599609375,791.7421875,7049.25,0,0,2047,4,2048,1009,8,3065.0,826.9171201559494,826.9171201559494,60.15153078675161,60.151530786751664
front-blockers-4,4,2048,0,333,known,2048,0.0,800.0,7042.5,0,0,2047,4,2048,1026,0,3074.0,821.9217045045788,821.9217045045788,54.18030042374117,54.18030042374113
front-blockers-1,1,128,8,333,prefix,128,0.0,62.0,381.0,0,0,127,1,128,76,52,256.0,201.00363012673324,201.00363012673324,14.845503404608897,14.8455034046089
front-blockers-1,1,128,8,333,intersection,128,0.0,62.0,381.0,0,0,127,1,128,76,52,256.0,201.00363012673324,201.00363012673324,14.845503404608897,14.8455034046089
front-blockers-1,1,128,8,333,completed,128,0.0,62.0,381.0,0,0,127,1,128,76,52,256.0,201.00363012673324,201.00363012673324,14.845503404608897,14.8455034046089
front-blockers-1,1,128,8,333,plugin,128,0.0,62.0,381.0,0,0,127,1,128,76,52,256.0,201.00363012673324,201.00363012673324,14.845503404608897,14.8455034046089
front-blockers-1,1,128,8,333,known,128,0.0,62.0,381.0,0,0,127,1,128,76,52,256.0,201.00363012673324,201.00363012673324,14.845503404608897,14.8455034046089
front-blockers-4,4,128,8,333,prefix,128,0.0,62.0,381.0,0,0,127,4,128,76,52,256.0,209.86863006196148,209.86863006196148,46.382013618435586,46.3820136184356
front-blockers-4,4,128,8,333,intersection,128,0.0,62.0,381.0,0,0,127,4,128,76,52,256.0,209.86863006196148,209.86863006196148,46.382013618435586,46.3820136184356
front-blockers-4,4,128,8,333,completed,128,0.0,62.0,381.0,0,0,127,4,128,76,52,256.0,209.86863006196148,209.86863006196148,46.382013618435586,46.3820136184356
front-blockers-4,4,128,8,333,plugin,128,0.0,62.0,381.0,0,0,127,4,128,76,52,256.0,209.86863006196148,209.86863006196148,46.382013618435586,46.3820136184356
front-blockers-4,4,128,8,333,known,128,0.0,62.0,381.0,0,0,127,4,128,76,52,256.0,209.86863006196148,209.86863006196148,46.382013618435586,46.3820136184356
front-blockers-1,1,256,8,333,prefix,256,0.0,124.0,761.25,0,0,255,1,256,155,101,512.0,321.74164988715864,321.74164988715864,16.925227737231427,16.925227737231417
front-blockers-1,1,256,8,333,intersection,256,0.0,124.0,761.25,0,0,255,1,256,155,101,512.0,321.74164988715864,321.74164988715864,16.925227737231427,16.925227737231417
front-blockers-1,1,256,8,333,completed,256,0.0,124.0,761.25,0,0,255,1,256,155,101,512.0,321.74164988715864,321.74164988715864,16.925227737231427,16.925227737231417
front-blockers-1,1,256,8,333,plugin,256,0.0,124.0,761.25,0,0,255,1,256,155,101,512.0,321.74164988715864,321.74164988715864,16.925227737231427,16.925227737231417
front-blockers-1,1,256,8,333,known,256,0.0,124.0,761.25,0,0,255,1,256,155,101,512.0,321.74164988715864,321.74164988715864,16.925227737231427,16.925227737231417
front-blockers-4,4,256,8,333,prefix,256,0.0,124.0,761.25,0,0,255,4,256,155,101,512.0,336.42981008473214,336.42981008473214,54.70091094892565,54.70091094892567
front-blockers-4,4,256,8,333,intersection,256,0.0,124.0,761.25,0,0,255,4,256,155,101,512.0,336.42981008473214,336.42981008473214,54.70091094892565,54.70091094892567
front-blockers-4,4,256,8,333,completed,256,0.0,124.0,761.25,0,0,255,4,256,155,101,512.0,336.42981008473214,336.42981008473214,54.70091094892565,54.70091094892567
front-blockers-4,4,256,8,333,plugin,256,0.0,124.0,761.25,0,0,255,4,256,155,101,512.0,336.42981008473214,336.42981008473214,54.70091094892565,54.70091094892567
front-blockers-4,4,256,8,333,known,256,0.0,124.0,761.25,0,0,255,4,256,155,101,512.0,336.42981008473214,336.42981008473214,54.70091094892565,54.70091094892567
front-blockers-1,1,512,8,333,prefix,512,0.0,248.0,1529.75,0,0,511,1,512,302,210,1024.0,498.0655395146906,498.0655395146906,19.02248990258302,19.022489902583025
front-blockers-1,1,512,8,333,intersection,512,0.0,248.0,1529.75,0,0,511,1,512,302,210,1024.0,498.0655395146906,498.0655395146906,19.02248990258302,19.022489902583025
front-blockers-1,1,512,8,333,completed,512,0.0,248.0,1529.75,0,0,511,1,512,302,210,1024.0,498.0655395146906,498.0655395146906,19.02248990258302,19.022489902583025
front-blockers-1,1,512,8,333,plugin,512,0.0,248.0,1529.75,0,0,511,1,512,302,210,1024.0,498.0655395146906,498.0655395146906,19.02248990258302,19.022489902583025
front-blockers-1,1,512,8,333,known,512,0.0,248.0,1529.75,0,0,511,1,512,302,210,1024.0,498.0655395146906,498.0655395146906,19.02248990258302,19.022489902583025
front-blockers-4,4,512,8,333,prefix,512,0.0,248.0,1529.75,0,0,511,4,512,302,210,1024.0,518.6526472301692,518.6526472301692,63.089959610332116,63.0899596103321
front-blockers-4,4,512,8,333,intersection,512,0.0,248.0,1529.75,0,0,511,4,512,302,210,1024.0,518.6526472301692,518.6526472301692,63.089959610332116,63.0899596103321
front-blockers-4,4,512,8,333,completed,512,0.0,248.0,1529.75,0,0,511,4,512,302,210,1024.0,518.6526472301692,518.6526472301692,63.089959610332116,63.0899596103321
front-blockers-4,4,512,8,333,plugin,512,0.0,248.0,1529.75,0,0,511,4,512,302,210,1024.0,518.6526472301692,518.6526472301692,63.089959610332116,63.0899596103321
front-blockers-4,4,512,8,333,known,512,0.0,248.0,1529.75,0,0,511,4,512,302,210,1024.0,518.6526472301692,518.6526472301692,63.089959610332116,63.0899596103321
front-blockers-1,1,1024,8,333,prefix,1024,0.0,496.0,3023.5,0,0,1023,1,1024,564,460,2048.0,754.6129904644351,754.6129904644351,21.12693704341797,21.126937043417986
front-blockers-1,1,1024,8,333,intersection,1024,0.0,496.0,3023.5,0,0,1023,1,1024,564,460,2048.0,754.6129904644351,754.6129904644351,21.12693704341797,21.126937043417986
front-blockers-1,1,1024,8,333,completed,1024,0.0,496.0,3023.5,0,0,1023,1,1024,564,460,2048.0,754.6129904644351,754.6129904644351,21.12693704341797,21.126937043417986
front-blockers-1,1,1024,8,333,plugin,1024,0.0,496.0,3023.5,0,0,1023,1,1024,564,460,2048.0,754.6129904644351,754.6129904644351,21.12693704341797,21.126937043417986
front-blockers-1,1,1024,8,333,known,1024,0.0,496.0,3023.5,0,0,1023,1,1024,564,460,2048.0,754.6129904644351,754.6129904644351,21.12693704341797,21.126937043417986
front-blockers-4,4,1024,8,333,prefix,1024,0.0,496.0,3023.5,0,0,1023,4,1024,564,460,2048.0,781.1250948835302,781.1250948835302,71.507748173672,71.50774817367194
front-blockers-4,4,1024,8,333,intersection,1024,0.0,496.0,3023.5,0,0,1023,4,1024,564,460,2048.0,781.1250948835302,781.1250948835302,71.507748173672,71.50774817367194
front-blockers-4,4,1024,8,333,completed,1024,0.0,496.0,3023.5,0,0,1023,4,1024,564,460,2048.0,781.1250948835302,781.1250948835302,71.507748173672,71.50774817367194
front-blockers-4,4,1024,8,333,plugin,1024,0.0,496.0,3023.5,0,0,1023,4,1024,564,460,2048.0,781.1250948835302,781.1250948835302,71.507748173672,71.50774817367194
front-blockers-4,4,1024,8,333,known,1024,0.0,496.0,3023.5,0,0,1023,4,1024,564,460,2048.0,781.1250948835302,781.1250948835302,71.507748173672,71.50774817367194
front-blockers-1,1,2048,8,333,prefix,2048,0.0,992.0,6088.25,0,0,2047,1,2048,1129,919,4096.0,1124.5389010542244,1124.5389010542244,23.207408403390406,23.207408403390478
front-blockers-1,1,2048,8,333,intersection,2048,0.0,992.0,6088.25,0,0,2047,1,2048,1129,919,4096.0,1124.5389010542244,1124.5389010542244,23.207408403390406,23.207408403390478
front-blockers-1,1,2048,8,333,completed,2048,0.0,992.0,6088.25,0,0,2047,1,2048,1129,919,4096.0,1124.5389010542244,1124.5389010542244,23.207408403390406,23.207408403390478
front-blockers-1,1,2048,8,333,plugin,2048,0.0,992.0,6088.25,0,0,2047,1,2048,1129,919,4096.0,1124.5389010542244,1124.5389010542244,23.207408403390406,23.207408403390478
front-blockers-1,1,2048,8,333,known,2048,0.0,992.0,6088.25,0,0,2047,1,2048,1129,919,4096.0,1124.5389010542244,1124.5389010542244,23.207408403390406,23.207408403390478
front-blockers-4,4,2048,8,333,prefix,2048,0.0,992.0,6088.25,0,0,2047,4,2048,1129,919,4096.0,1156.9364660489991,1156.9364660489991,79.82963361356174,79.82963361356191
front-blockers-4,4,2048,8,333,intersection,2048,0.0,992.0,6088.25,0,0,2047,4,2048,1129,919,4096.0,1156.9364660489991,1156.9364660489991,79.82963361356174,79.82963361356191
front-blockers-4,4,2048,8,333,completed,2048,0.0,992.0,6088.25,0,0,2047,4,2048,1129,919,4096.0,1156.9364660489991,1156.9364660489991,79.82963361356174,79.82963361356191
front-blockers-4,4,2048,8,333,plugin,2048,0.0,992.0,6088.25,0,0,2047,4,2048,1129,919,4096.0,1156.9364660489991,1156.9364660489991,79.82963361356174,79.82963361356191
front-blockers-4,4,2048,8,333,known,2048,0.0,992.0,6088.25,0,0,2047,4,2048,1129,919,4096.0,1156.9364660489991,1156.9364660489991,79.82963361356174,79.82963361356191
front-blockers-1,1,128,20,333,prefix,128,75.25,116.0,475.25,0,0,127,1,128,120,8,256.0,183.93125046450282,183.93125046450282,13.378726689466378,13.378726689466378
front-blockers-1,1,128,20,333,intersection,128,12.359375,80.0625,402.0,0,0,127,1,128,56,72,256.0,201.4243218428991,201.4243218428991,14.865868069195594,14.865868069195585
front-blockers-1,1,128,20,333,completed,128,11.8125,79.75,400.75,0,0,127,1,128,55,73,256.0,201.33538385630104,201.33538385630104,14.861575139902657,14.861575139902657
front-blockers-1,1,128,20,333,plugin,128,5.044921875,45.3359375,393.0,0,0,127,1,128,21,75,224.0,173.53715690673272,173.53715690673272,13.91109654695257,13.91109654695257
front-blockers-1,1,128,20,333,known,128,0.0,27.0,388.0,0,0,127,1,128,0,76,204.0,153.12580721308038,153.12580721308038,10.326690223142226,10.32669022314222
front-blockers-4,4,128,20,333,prefix,128,75.25,116.0,475.25,0,0,127,4,128,120,8,256.0,192.50785225193155,192.50785225193155,40.51490675786549,40.5149067578655
front-blockers-4,4,128,20,333,intersection,128,17.28125,82.875,410.0,0,0,127,4,128,61,67,256.0,210.67778179388654,210.67778179388654,46.51852815913126,46.518528159131236
front-blockers-4,4,128,20,333,completed,128,15.09375,81.625,406.5,0,0,127,4,128,59,69,256.0,210.58286716390515,210.58286716390515,46.50258990424416,46.50258990424416
front-blockers-4,4,128,20,333,plugin,128,4.115234375,31.8671875,390.5,0,0,127,4,128,6,75,209.0,165.69622072376038,165.69622072376038,37.386760892568866,37.38676089256888
front-blockers-4,4,128,20,333,known,128,0.0,27.0,388.0,0,0,127,4,128,0,76,204.0,160.32487103010806,160.32487103010806,32.6400942259022,32.64009422590221
front-blockers-1,1,256,20,333,prefix,256,150.5,232.0,932.5,0,0,255,1,256,240,16,512.0,291.12345717021685,291.12345717021685,15.494437514199717,15.494437514199717
front-blockers-1,1,256,20,333,intersection,256,17.609375,156.0625,781.25,0,0,255,1,256,116,140,512.0,322.8366704893931,322.8366704893931,16.962210438279854,16.962210438279858
front-blockers-1,1,256,20,333,completed,256,17.0625,155.75,780.0,0,0,255,1,256,115,141,512.0,322.7903975244203,322.7903975244203,16.96065764324879,16.9606576432488
front-blockers-1,1,256,20,333,plugin,256,5.044921875,72.3359375,771.0,0,0,255,1,256,21,143,420.0,259.373225654893,259.373225654893,15.254738086466926,15.254738086466926
front-blockers-1,1,256,20,333,known,256,0.0,54.0,766.0,0,0,255,1,256,0,144,400.0,238.8083428499583,238.8083428499583,11.663991436316262,11.663991436316252
front-blockers-4,4,256,20,333,prefix,256,150.5,232.0,932.5,0,0,255,4,256,240,16,512.0,303.59373405704855,303.59373405704855,48.977750056798854,48.97775005679887
front-blockers-4,4,256,20,333,intersection,256,23.078125,159.1875,789.25,0,0,255,4,256,122,134,512.0,337.8551954164084,337.8551954164084,54.875563774404306,54.87556377440427
front-blockers-4,4,256,20,333,completed,256,20.34375,157.625,785.75,0,0,255,4,256,119,137,512.0,337.7638912274071,337.7638912274071,54.8644512850573,54.864451285057285
front-blockers-4,4,256,20,333,plugin,256,4.115234375,58.8671875,768.5,0,0,255,4,256,6,143,405.0,255.2858722667823,255.2858722667823,42.76132705062629,42.76132705062631
front-blockers-4,4,256,20,333,known,256,0.0,54.0,766.0,0,0,255,4,256,0,144,400.0,249.74196848282665,249.74196848282665,37.98929907859835,37.989299078598336
front-blockers-1,1,512,20,333,prefix,512,301.0,464.0,1852.75,0,0,511,1,512,479,33,1024.0,451.88200030472166,451.88200030472166,17.620930662761157,17.620930662761154
front-blockers-1,1,512,20,333,intersection,512,26.359375,286.9375,1557.5,0,0,511,1,512,206,281,999.0,490.04725990229906,490.04725990229906,18.93101601447065,18.93101601447065
front-blockers-1,1,512,20,333,completed,512,25.40234375,282.796875,1556.75,0,0,511,1,512,202,282,996.0,488.87151374939737,488.87151374939737,18.914918120343163,18.91491812034317
front-blockers-1,1,512,20,333,plugin,512,5.044921875,126.3359375,1541.25,0,0,511,1,512,21,285,818.0,386.8223446711723,386.8223446711723,16.640252499943237,16.640252499943234
front-blockers-1,1,512,20,333,known,512,0.0,108.0,1536.25,0,0,511,1,512,0,286,798.0,366.137030101791,366.137030101791,13.046021614729394,13.046021614729376
front-blockers-4,4,512,20,333,prefix,512,301.0,464.0,1852.75,0,0,511,4,512,479,33,1024.0,468.32094345407086,468.32094345407086,57.483722651044616,57.483722651044616
front-blockers-4,4,512,20,333,intersection,512,30.0234375,273.21875,1567.0,0,0,511,4,512,193,275,980.0,503.27814140595405,503.27814140595405,62.37617532565398,62.376175325653996
front-blockers-4,4,512,20,333,completed,512,27.056640625,264.6953125,1564.5,0,0,511,4,512,180,278,970.0,498.9823616762155,498.9823616762155,62.139970858894294,62.13997085889432
front-blockers-4,4,512,20,333,plugin,512,4.115234375,112.8671875,1538.75,0,0,511,4,512,6,285,803.0,386.6296418713902,386.6296418713902,48.30338470453158,48.303384704531545
front-blockers-4,4,512,20,333,known,512,0.0,108.0,1536.25,0,0,511,4,512,0,286,798.0,380.95485361779845,380.95485361779845,43.51741979225088,43.51741979225084
front-blockers-1,1,1024,20,333,prefix,1024,602.0,928.0,3692.25,0,0,1023,1,1024,959,65,2048.0,686.6045219246295,686.6045219246295,19.694675286223998,19.69467528622397
front-blockers-1,1,1024,20,333,intersection,1024,27.3984375,399.84375,3140.25,0,0,1023,1,1024,211,571,1806.0,680.839422375514,680.839422375514,20.358630330361102,20.358630330361112
front-blockers-1,1,1024,20,333,completed,1024,25.689453125,393.4765625,3138.75,0,0,1023,1,1024,204,572,1800.0,678.4132584196851,678.4132584196851,20.326562061410197,20.32656206141018
front-blockers-1,1,1024,20,333,plugin,1024,5.044921875,234.3359375,3122.75,0,0,1023,1,1024,21,575,1620.0,573.062015650354,573.062015650354,18.036654655355512,18.036654655355495
front-blockers-1,1,1024,20,333,known,1024,0.0,216.0,3117.75,0,0,1023,1,1024,0,576,1600.0,552.2882662486516,552.2882662486516,14.44065412864662,14.440654128646596
front-blockers-4,4,1024,20,333,prefix,1024,602.0,928.0,3692.25,0,0,1023,4,1024,959,65,2048.0,708.819841072143,708.819841072143,65.77870114489583,65.77870114489588
front-blockers-4,4,1024,20,333,intersection,1024,32.169921875,396.4609375,3148.75,0,0,1023,4,1024,211,564,1799.0,703.4145875135624,703.4145875135624,68.38513799095685,68.38513799095674
front-blockers-4,4,1024,20,333,completed,1024,27.42578125,376.140625,3146.0,0,0,1023,4,1024,185,568,1777.0,693.8556334373438,693.8556334373438,67.88608802331638,67.88608802331643
front-blockers-4,4,1024,20,333,plugin,1024,4.115234375,220.8671875,3120.25,0,0,1023,4,1024,6,575,1605.0,576.7996228375489,576.7996228375489,53.88899332618066,53.88899332618058
front-blockers-4,4,1024,20,333,known,1024,0.0,216.0,3117.75,0,0,1023,4,1024,0,576,1600.0,571.0310908271526,571.0310908271526,49.09594984791978,49.09594984791971
front-blockers-1,1,2048,20,333,prefix,2048,1204.0,1856.0,7392.0,0,0,2047,1,2048,1927,121,4096.0,1023.5085256146963,1023.5085256146963,21.711134618115494,21.711134618115523
front-blockers-1,1,2048,20,333,intersection,2048,28.615234375,617.6171875,6270.0,0,0,2047,1,2048,215,1132,3395.0,950.968912852177,950.968912852177,21.755631961948957,21.755631961948964
front-blockers-1,1,2048,20,333,completed,2048,27.3984375,615.84375,6267.0,0,0,2047,1,2048,211,1133,3392.0,949.602586274069,949.602586274069,21.73769130367308,21.73769130367313
front-blockers-1,1,2048,20,333,plugin,2048,5.044921875,450.3359375,6249.5,0,0,2047,1,2048,21,1137,3206.0,839.3167672617833,839.3167672617833,19.412254488164468,19.41225448816445
front-blockers-1,1,2048,20,333,known,2048,0.0,432.0,6244.5,0,0,2047,1,2048,0,1138,3186.0,818.4810790591224,818.4810790591224,15.815394338496615,15.815394338496581
front-blockers-4,4,2048,20,333,prefix,2048,1204.0,1856.0,7392.0,0,0,2047,4,2048,1927,121,4096.0,1051.4172692536433,1051.4172692536433,73.84453847246182,73.84453847246208
front-blockers-4,4,2048,20,333,intersection,2048,32.375,614.375,6276.0,0,0,2047,4,2048,213,1126,3387.0,977.2138194249285,977.2138194249285,73.96378969877237,73.96378969877223
front-blockers-4,4,2048,20,333,completed,2048,28.21875,594.75,6273.75,0,0,2047,4,2048,189,1130,3367.0,968.0603877336663,968.0603877336663,73.49860547385882,73.49860547385906
front-blockers-4,4,2048,20,333,plugin,2048,4.115234375,436.8671875,6247.0,0,0,2047,4,2048,6,1137,3191.0,846.9438716112488,846.9438716112488,59.3913926574165,59.391392657416404
front-blockers-4,4,2048,20,333,known,2048,0.0,432.0,6244.5,0,0,2047,4,2048,0,1138,3186.0,841.1108219310164,841.1108219310164,54.59491068731976,54.594910687319654
