scenario,truth,seed,algorithm,episodes,pseudo_regret,expected_waste,realized_cost,confidence_exclusions,safe_fallbacks,maximum_prefix_debt,maximum_unreturned,prefix_exposure,completion_exposure,intersection_exposure,unresolved_mass_exposure
outcome-lag-64,0,111,prefix,512,11.4609375,306.96875,1768.0,0,0,64,42,520.7792683983458,536.3551160402301,508.7803394083766,141.3673668379026
outcome-lag-64,0,111,intersection,512,8.80078125,282.140625,1764.25,0,0,64,42,499.1794890972279,515.6476144339997,488.28171405856784,138.6038819148701
outcome-lag-64,0,111,completed,512,6.57421875,249.234375,1769.75,12,12,64,42,471.79643036880424,490.17678917760765,462.94320038539865,130.81847689897438
outcome-lag-64,0,111,plugin,512,0.296875,200.75,1753.5,0,0,64,42,419.7776679522888,439.91128494785164,412.7272895242656,127.01405609199062
outcome-lag-64,0,111,safe,512,34.0,0.0,1792.0,0,0,64,42,258.3932782051845,282.6658796909338,256.80210490709334,100.66840971697492
outcome-lag-64,0,111,known,512,0.0,200.0,1753.5,0,0,64,42,418.5561633699264,438.7565376771089,411.5504202446239,128.33241435571986
outcome-lag-64,0,111,product,512,34.0,0.0,1792.0,0,0,64,42,258.3932782051845,282.6658796909338,256.80210490709334,100.66840971697492
single-blocker,0,111,prefix,512,24.0,424.0,1785.0,0,0,511,1,1024.0,498.7957688253494,498.7957688253494,19.039630351865533
single-blocker,0,111,intersection,512,10.06640625,293.953125,1764.75,0,0,511,1,878.0,437.1273222108633,437.1273222108633,18.10384742872816
single-blocker,0,111,completed,512,9.263671875,286.4609375,1764.0,0,0,511,1,865.0,429.6064659770908,429.6064659770908,17.95239752861876
single-blocker,0,111,plugin,512,0.404296875,203.7734375,1754.75,0,0,511,1,773.0,360.1039023710127,360.1039023710127,14.442799422950674
single-blocker,0,111,safe,512,34.0,0.0,1792.0,0,0,511,1,512.0,213.40675252840046,213.40675252840046,6.81456340954972
single-blocker,0,111,known,512,0.0,200.0,1753.5,0,0,511,1,768.0,356.44008613821535,356.44008613821535,12.935002122367003
single-blocker,0,111,product,512,34.0,0.0,1792.0,0,0,511,1,512.0,213.40675252840046,213.40675252840046,6.81456340954972
outcome-lag-64,2,111,prefix,512,2.103515625,351.0078125,1710.25,0,0,64,41,568.2010565678,601.4099344009852,560.2089155514843,180.8302295757676
outcome-lag-64,2,111,intersection,512,3.310546875,350.7734375,1711.0,0,0,64,41,567.9138600220782,602.0711192085375,560.0752497802263,188.13323485693928
outcome-lag-64,2,111,completed,512,3.3046875,331.65625,1710.5,18,18,64,41,555.4717346579773,589.103884246708,548.5537479923203,173.88449365106092
outcome-lag-64,2,111,plugin,512,6.798828125,328.1640625,1700.0,0,0,64,41,556.0181014012246,590.0653084461875,549.3942343045637,177.63114008300502
outcome-lag-64,2,111,safe,512,83.0,0.0,1787.0,0,0,64,41,257.82755117098264,279.2949161051967,255.29644812421785,96.42154445841985
outcome-lag-64,2,111,known,512,0.0,340.0,1705.75,0,0,64,41,559.9244097075562,594.7553049595018,553.7699446984209,180.80476255724855
outcome-lag-64,2,111,product,512,56.0,372.0,1769.0,0,0,64,48,500.9644226453925,568.7230326375565,498.43331959862786,234.539284588598
single-blocker,2,111,prefix,512,3.0,368.0,1714.5,0,0,511,1,1024.0,498.4115806234788,498.4115806234788,19.03062586011933
single-blocker,2,111,intersection,512,0.92578125,348.640625,1708.25,0,0,511,1,994.0,488.8912787265445,488.8912787265445,18.923571977882226
single-blocker,2,111,completed,512,0.884765625,348.2578125,1708.0,0,0,511,1,993.0,488.56479953843325,488.56479953843325,18.919798392976592
single-blocker,2,111,plugin,512,0.173828125,340.6640625,1706.25,0,0,511,1,981.0,484.62443183423653,484.62443183423653,18.874029824009103
single-blocker,2,111,safe,512,83.0,0.0,1787.0,0,0,511,1,512.0,213.40675252840046,213.40675252840046,6.81456340954972
single-blocker,2,111,known,512,0.0,340.0,1705.75,0,0,511,1,979.0,483.92679537252354,483.92679537252354,18.865416130634475
single-blocker,2,111,product,512,56.0,372.0,1769.0,0,0,511,1,979.0,416.0283434516962,416.0283434516962,13.53703728620178
outcome-lag-64,4,111,prefix,512,0.0,336.0,1643.0,0,0,64,36,579.7513328328071,616.1833694350105,576.7384481112198,202.81201305738
outcome-lag-64,4,111,intersection,512,0.0,336.0,1643.0,0,0,64,36,579.7513328328071,616.1833694350105,576.7384481112198,202.81201305738
outcome-lag-64,4,111,completed,512,6.9375,320.25,1655.5,24,24,64,36,569.5424726258556,604.6470088594621,566.2064992214823,190.5910434067131
outcome-lag-64,4,111,plugin,512,1.625,316.5,1642.5,0,0,64,36,570.2515311637513,606.5697298615021,567.4684970836731,194.2485634331604
outcome-lag-64,4,111,safe,512,148.0,0.0,1817.0,0,0,64,36,258.29723043383274,277.6091315532896,255.9751241610548,91.37651580564575
outcome-lag-64,4,111,known,512,0.0,336.0,1643.0,0,0,64,36,579.7513328328071,616.1833694350105,576.7384481112198,202.81201305738
outcome-lag-64,4,111,product,512,0.0,336.0,1643.0,0,0,64,36,579.7513328328071,616.1833694350105,576.7384481112198,202.81201305738
single-blocker,4,111,prefix,512,0.0,336.0,1643.0,0,0,511,1,1024.0,497.8068578274737,497.8068578274737,19.01639198499365
single-blocker,4,111,intersection,512,0.0,336.0,1643.0,0,0,511,1,1024.0,497.8068578274737,497.8068578274737,19.01639198499365
single-blocker,4,111,completed,512,0.0,336.0,1643.0,0,0,511,1,1024.0,497.8068578274737,497.8068578274737,19.01639198499365
single-blocker,4,111,plugin,512,1.67578125,336.515625,1642.0,0,0,511,1,1024.0,497.9390179753144,497.9390179753144,19.019509109591276
single-blocker,4,111,safe,512,148.0,0.0,1817.0,0,0,511,1,512.0,213.40675252840046,213.40675252840046,6.81456340954972
single-blocker,4,111,known,512,0.0,336.0,1643.0,0,0,511,1,1024.0,497.8068578274737,497.8068578274737,19.01639198499365
single-blocker,4,111,product,512,0.0,336.0,1643.0,0,0,511,1,1024.0,497.8068578274737,497.8068578274737,19.01639198499365
outcome-lag-64,6,111,prefix,512,9.43359375,196.046875,1576.0,0,0,64,37,518.7938355938913,563.5537144996729,515.1279774205399,181.59851458823204
outcome-lag-64,6,111,intersection,512,7.13671875,174.609375,1578.25,0,0,64,37,504.8022177225181,550.2795876090689,501.8538505299361,180.2426088333131
outcome-lag-64,6,111,completed,512,15.990234375,180.2109375,1581.0,22,17,64,37,507.15502089058407,553.1671090884311,504.61897522182153,174.68525410979822
outcome-lag-64,6,111,plugin,512,4.66796875,106.359375,1571.0,0,0,64,37,432.04895244603284,479.9976551310042,431.77951179044345,166.35309960983093
outcome-lag-64,6,111,safe,512,237.0,0.0,1784.0,0,0,64,37,258.2481856586089,283.9708254739602,257.97874500301936,95.97281768322232
outcome-lag-64,6,111,known,512,0.0,108.0,1568.0,0,0,64,37,432.90110454713226,481.05740097067576,432.6316638915428,169.4804453522714
outcome-lag-64,6,111,product,512,0.0,108.0,1568.0,0,0,64,37,432.90110454713226,481.05740097067576,432.6316638915428,169.4804453522714
single-blocker,6,111,prefix,512,21.0,304.0,1588.5,0,0,511,1,1024.0,498.9173719009586,498.9173719009586,19.04247426480153
single-blocker,6,111,intersection,512,7.546875,178.4375,1579.0,0,0,511,1,876.0,432.82352582825774,432.82352582825774,17.982833893897002
single-blocker,6,111,completed,512,7.21875,175.375,1578.5,0,0,511,1,874.0,431.60423769534725,431.60423769534725,17.957026368089476
single-blocker,6,111,plugin,512,2.529296875,114.3984375,1570.25,0,0,511,1,802.0,372.1912916650048,372.1912916650048,15.485458147134388
single-blocker,6,111,safe,512,237.0,0.0,1784.0,0,0,511,1,512.0,213.40675252840046,213.40675252840046,6.81456340954972
single-blocker,6,111,known,512,0.0,108.0,1568.0,0,0,511,1,797.0,365.82234467117246,365.82234467117246,13.042512842799566
single-blocker,6,111,product,512,0.0,108.0,1568.0,0,0,511,1,797.0,365.82234467117246,365.82234467117246,13.042512842799566
outcome-lag-64,8,111,prefix,512,0.0,248.0,1517.25,0,0,64,40,580.6630616953546,644.8252102789694,580.1379772431791,227.6318003741887
outcome-lag-64,8,111,intersection,512,0.0,248.0,1517.25,0,0,64,40,580.6630616953546,644.8252102789694,580.1379772431791,227.6318003741887
outcome-lag-64,8,111,completed,512,22.90234375,228.140625,1537.0,41,41,64,40,565.6635881001001,627.9293308341265,565.1385036479246,206.30681763792617
outcome-lag-64,8,111,plugin,512,12.205078125,228.8515625,1538.5,0,0,64,40,567.5000202962262,629.1584771610277,566.9749358440508,210.39841643974222
outcome-lag-64,8,111,safe,512,286.0,0.0,1798.0,0,0,64,40,258.46432057811353,283.7863342051584,257.939236125938,86.45137805238086
outcome-lag-64,8,111,known,512,0.0,248.0,1517.25,0,0,64,40,580.6630616953546,644.8252102789694,580.1379772431791,227.6318003741887
outcome-lag-64,8,111,product,512,0.0,248.0,1517.25,0,0,64,40,580.6630616953546,644.8252102789694,580.1379772431791,227.6318003741887
single-blocker,8,111,prefix,512,0.0,248.0,1517.25,0,0,511,1,1024.0,498.5659192975364,498.5659192975364,19.034246780307175
single-blocker,8,111,intersection,512,0.0,248.0,1517.25,0,0,511,1,1024.0,498.5659192975364,498.5659192975364,19.034246780307175
single-blocker,8,111,completed,512,0.0,248.0,1517.25,0,0,511,1,1024.0,498.5659192975364,498.5659192975364,19.034246780307175
single-blocker,8,111,plugin,512,0.0,248.0,1517.25,0,0,511,1,1024.0,498.5659192975364,498.5659192975364,19.034246780307175
single-blocker,8,111,safe,512,286.0,0.0,1798.0,0,0,511,1,512.0,213.40675252840046,213.40675252840046,6.81456340954972
single-blocker,8,111,known,512,0.0,248.0,1517.25,0,0,511,1,1024.0,498.5659192975364,498.5659192975364,19.034246780307175
single-blocker,8,111,product,512,0.0,248.0,1517.25,0,0,511,1,1024.0,498.5659192975364,498.5659192975364,19.034246780307175
outcome-lag-64,10,111,prefix,512,30.125,363.125,1768.25,0,0,64,43,565.1043666063202,590.7794554694822,551.139351655713,165.9798611569417
outcome-lag-64,10,111,intersection,512,19.0703125,338.53125,1762.0,0,0,64,43,536.5443927342995,574.5068114604107,532.2533627436492,172.36568647462317
outcome-lag-64,10,111,completed,512,16.4921875,322.84375,1772.5,5,5,64,43,521.5657334588087,558.9484110369995,517.9354809178949,160.74704434626372
outcome-lag-64,10,111,plugin,512,56.9609375,27.21875,1778.75,0,0,64,43,287.4693246448096,314.482742992302,286.7880803618444,109.72808201319295
outcome-lag-64,10,111,safe,512,56.0,0.0,1782.0,0,0,64,43,258.46932464480943,285.48274299230206,257.78808036184415,100.32664378289454
outcome-lag-64,10,111,known,512,0.0,288.0,1754.75,0,0,64,43,469.5392753976372,510.2777082318662,467.4890306714703,166.75768782696298
outcome-lag-64,10,111,product,512,0.0,288.0,1754.75,0,0,64,43,469.5392753976372,510.2777082318662,467.4890306714703,166.75768782696298
single-blocker,10,111,prefix,512,68.0,432.0,1815.75,0,0,511,1,1024.0,488.8641117014687,488.8641117014687,18.79666941614525
single-blocker,10,111,intersection,512,20.8203125,345.28125,1772.25,0,0,511,1,946.0,464.83243537593114,464.83243537593114,18.525025424503188
single-blocker,10,111,completed,512,20.1796875,344.09375,1771.75,0,0,511,1,944.0,463.5048485642521,463.5048485642521,18.498831695358284
single-blocker,10,111,plugin,512,56.203125,6.5625,1781.75,0,0,511,1,520.0,221.40675252840046,221.40675252840046,10.397896742883058
single-blocker,10,111,safe,512,56.0,0.0,1782.0,0,0,511,1,512.0,213.40675252840046,213.40675252840046,6.81456340954972
single-blocker,10,111,known,512,0.0,288.0,1754.75,0,0,511,1,892.0,393.5706686964303,393.5706686964303,13.330633960597769
single-blocker,10,111,product,512,0.0,288.0,1754.75,0,0,511,1,892.0,393.5706686964303,393.5706686964303,13.330633960597769
outcome-lag-64,12,111,prefix,512,14.609375,373.5625,1750.0,0,0,64,38,559.5105714085621,594.6851682482716,554.4670569771494,186.0597166181283
outcome-lag-64,12,111,intersection,512,12.3359375,378.21875,1744.75,0,0,64,38,558.7047017882786,598.8204704726976,556.4978509851194,187.24182264540246
outcome-lag-64,12,111,completed,512,10.484375,369.5625,1737.75,0,0,64,38,552.7254140020945,590.4220030154493,548.8024078112807,183.62388128111894
outcome-lag-64,12,111,plugin,512,28.6484375,139.96875,1752.25,0,0,64,38,393.4715874673632,425.48782950368746,392.64167315425095,140.22247414165173
outcome-lag-64,12,111,safe,512,56.0,0.0,1801.0,0,0,64,38,258.3486487013264,280.5535342337908,257.62204684367583,105.78098553026884
outcome-lag-64,12,111,known,512,0.0,288.0,1724.0,0,0,64,38,472.6915217773898,512.237362470294,470.57493846053336,174.92322290000374
outcome-lag-64,12,111,product,512,0.0,288.0,1724.0,0,0,64,38,472.6915217773898,512.237362470294,470.57493846053336,174.92322290000374
single-blocker,12,111,prefix,512,12.0,400.0,1740.5,0,0,511,1,1024.0,486.2187261114785,486.2187261114785,18.728075604325596
single-blocker,12,111,intersection,512,10.109375,360.3125,1745.5,0,0,511,1,981.0,467.60429227095585,467.60429227095585,18.424467020217737
single-blocker,12,111,completed,512,9.4375,355.0,1744.25,0,0,511,1,976.0,464.7797519387376,464.7797519387376,18.368897741480406
single-blocker,12,111,plugin,512,55.640625,7.3125,1800.0,0,0,511,1,522.0,223.4067525284005,223.4067525284005,10.981230076216393
single-blocker,12,111,safe,512,56.0,0.0,1801.0,0,0,511,1,512.0,213.40675252840046,213.40675252840046,6.81456340954972
single-blocker,12,111,known,512,0.0,288.0,1724.0,0,0,511,1,903.0,396.54436040369603,396.54436040369603,13.359207316972197
single-blocker,12,111,product,512,0.0,288.0,1724.0,0,0,511,1,903.0,396.54436040369603,396.54436040369603,13.359207316972197
outcome-lag-64,14,111,prefix,512,15.09375,344.625,1654.5,0,0,64,41,583.4562793970357,642.9198341695648,580.2588055015755,223.76257660673164
outcome-lag-64,14,111,intersection,512,11.265625,342.4375,1651.0,0,0,64,44,584.3784890657565,644.4114890434198,581.3238118977289,228.16354537109032
outcome-lag-64,14,111,completed,512,18.59375,317.375,1665.75,36,36,64,41,567.2623335981149,624.2743698276033,564.5468933371255,209.24781863550078
outcome-lag-64,14,111,plugin,512,22.609375,215.0625,1658.0,0,0,64,45,460.43287544072024,516.8751108303222,458.15036192532244,186.72187374932656
outcome-lag-64,14,111,safe,512,140.0,0.0,1775.0,0,0,64,39,258.30133425922435,281.6849648487827,256.0188207438263,88.54896376113176
outcome-lag-64,14,111,known,512,0.0,336.0,1637.25,0,0,64,45,572.7569284067669,635.5855866483822,570.471326346061,223.28670121374216
outcome-lag-64,14,111,product,512,0.0,336.0,1637.25,0,0,64,45,572.7569284067669,635.5855866483822,570.471326346061,223.28670121374216
single-blocker,14,111,prefix,512,56.0,368.0,1686.0,0,0,511,1,1024.0,488.67392130048336,488.67392130048336,18.791796121798313
single-blocker,14,111,intersection,512,12.25,343.0,1653.25,0,0,511,1,1024.0,496.977618505556,496.977618505556,18.99675166135124
single-blocker,14,111,completed,512,11.703125,342.6875,1657.0,0,0,511,1,1024.0,496.6322961535774,496.6322961535774,18.988530764056904
single-blocker,14,111,plugin,512,5.140625,338.9375,1643.25,0,0,511,1,1024.0,493.2494540273788,493.2494540273788,18.906651345031474
single-blocker,14,111,safe,512,140.0,0.0,1775.0,0,0,511,1,512.0,213.40675252840046,213.40675252840046,6.81456340954972
single-blocker,14,111,known,512,0.0,336.0,1637.25,0,0,511,1,1024.0,489.9612759870165,489.9612759870165,18.824610647774694
single-blocker,14,111,product,512,0.0,336.0,1637.25,0,0,511,1,1024.0,489.9612759870165,489.9612759870165,18.824610647774694
outcome-lag-64,16,111,prefix,512,3.9375,338.25,1655.0,0,0,64,45,575.0696732151576,640.5765787262551,574.0316172635731,250.07095624375813
outcome-lag-64,16,111,intersection,512,3.9375,338.25,1655.0,0,0,64,45,575.0696732151576,640.5765787262551,574.0316172635731,250.07095624375813
outcome-lag-64,16,111,completed,512,3.5546875,335.59375,1643.75,3,3,64,45,569.1700638162204,641.2760893879152,568.7200489413534,250.30962122728812
outcome-lag-64,16,111,plugin,512,10.546875,306.3125,1657.75,0,0,64,45,556.344238467671,623.552081308508,555.970405035594,240.44255095891998
outcome-lag-64,16,111,safe,512,140.0,0.0,1786.0,0,0,64,41,258.54774625902445,286.6807661336953,258.17414719030864,108.94697588204681
outcome-lag-64,16,111,known,512,0.0,336.0,1648.0,0,0,64,45,571.8302365612241,642.3504481501939,571.4072193569962,253.40807089215198
outcome-lag-64,16,111,product,512,0.0,336.0,1648.0,0,0,64,45,571.8302365612241,642.3504481501939,571.4072193569962,253.40807089215198
single-blocker,16,111,prefix,512,0.0,336.0,1648.0,0,0,511,1,1024.0,487.6904386525853,487.6904386525853,18.766453571154873
single-blocker,16,111,intersection,512,3.171875,337.8125,1639.75,0,0,511,1,1024.0,490.31065950270494,490.31065950270494,18.83344758300664
single-blocker,16,111,completed,512,3.28125,337.875,1639.75,0,0,511,1,1024.0,490.31065950270494,490.31065950270494,18.83344758300664
single-blocker,16,111,plugin,512,0.109375,336.0625,1648.0,0,0,511,1,1024.0,487.6904386525853,487.6904386525853,18.766453571154873
single-blocker,16,111,safe,512,140.0,0.0,1786.0,0,0,511,1,512.0,213.40675252840046,213.40675252840046,6.81456340954972
single-blocker,16,111,known,512,0.0,336.0,1648.0,0,0,511,1,1024.0,487.6904386525853,487.6904386525853,18.766453571154873
single-blocker,16,111,product,512,0.0,336.0,1648.0,0,0,511,1,1024.0,487.6904386525853,487.6904386525853,18.766453571154873
outcome-lag-64,18,111,prefix,512,21.263671875,286.3359375,1755.75,0,0,64,40,506.4724968130068,524.8491637879736,495.49205106026227,140.87722471032524
outcome-lag-64,18,111,intersection,512,15.017578125,292.7265625,1747.75,0,0,64,40,508.1383540918567,528.583743443103,498.95641508509897,139.33484534427922
outcome-lag-64,18,111,completed,512,11.29296875,241.984375,1742.5,40,40,64,40,469.44801962400703,492.87657285481396,463.4848579560793,126.30405217861733
outcome-lag-64,18,111,plugin,512,0.97265625,201.734375,1731.25,0,0,64,40,419.62087217912216,443.5891854938161,413.8710302754571,116.97009110031172
outcome-lag-64,18,111,safe,512,34.0,0.0,1783.0,0,0,64,40,258.513480222858,285.7267963656839,257.97801507881945,94.82933667383861
outcome-lag-64,18,111,known,512,0.0,200.0,1729.25,0,0,64,40,416.0594581760124,439.93039523792686,410.19353120846426,117.53310968868882
outcome-lag-64,18,111,product,512,34.0,0.0,1783.0,0,0,64,40,258.513480222858,285.7267963656839,257.97801507881945,94.82933667383861
single-blocker,18,111,prefix,512,108.0,472.0,1851.5,0,0,511,1,1024.0,457.12241116669105,457.12241116669105,17.82411826063453
single-blocker,18,111,intersection,512,9.71484375,267.671875,1743.5,0,0,511,1,836.0,416.19771719508054,416.19771719508054,17.713335406608923
single-blocker,18,111,completed,512,9.1640625,263.96875,1742.25,0,0,511,1,831.0,413.1867199725507,413.1867199725507,17.64739501019977
single-blocker,18,111,plugin,512,0.697265625,202.1953125,1730.0,0,0,511,1,762.0,356.4198580929923,356.4198580929923,14.399141753664813
single-blocker,18,111,safe,512,34.0,0.0,1783.0,0,0,511,1,512.0,213.40675252840046,213.40675252840046,6.81456340954972
single-blocker,18,111,known,512,0.0,200.0,1729.25,0,0,511,1,759.0,353.4198580929924,353.4198580929924,12.899141753664813
single-blocker,18,111,product,512,34.0,0.0,1783.0,0,0,511,1,512.0,213.40675252840046,213.40675252840046,6.81456340954972
outcome-lag-64,20,111,prefix,512,49.669921875,197.8359375,1617.5,0,0,64,37,520.8077224359515,554.1469198480985,514.5564718025989,192.5469836475119
outcome-lag-64,20,111,intersection,512,26.482421875,201.8359375,1588.25,0,0,64,37,517.690453071236,555.9742893054952,512.6432313590743,192.94234187840735
outcome-lag-64,20,111,completed,512,22.0703125,209.875,1580.25,5,5,64,37,521.4032101782218,560.8223546226369,516.8797067242818,191.5741962527808
outcome-lag-64,20,111,plugin,512,3.294921875,108.5859375,1571.25,0,0,64,37,431.8530653327173,474.7751982400835,431.0542224029268,176.13354194238437
outcome-lag-64,20,111,safe,512,237.0,0.0,1783.0,0,0,64,37,258.5609673977589,278.99507256300177,257.7621244679683,91.68447715863472
outcome-lag-64,20,111,known,512,0.0,108.0,1569.0,0,0,64,37,429.85595220945237,472.97349880137216,429.05710927966186,173.15858565478456
outcome-lag-64,20,111,product,512,0.0,108.0,1569.0,0,0,64,37,429.85595220945237,472.97349880137216,429.05710927966186,173.15858565478456
single-blocker,20,111,prefix,512,301.0,464.0,1826.25,0,0,511,1,1024.0,451.8820003047215,451.8820003047215,17.620930662761154
single-blocker,20,111,intersection,512,21.109375,223.5625,1579.5,0,0,511,1,919.0,457.6989263912288,457.6989263912288,18.466881936964246
single-blocker,20,111,completed,512,18.361328125,197.9140625,1576.25,0,0,511,1,886.0,441.2756018643535,441.2756018643535,18.180458770975875
single-blocker,20,111,plugin,512,2.392578125,111.1640625,1568.5,0,0,511,1,795.0,368.6037054105687,368.6037054105687,15.100933882051466
single-blocker,20,111,safe,512,237.0,0.0,1783.0,0,0,511,1,512.0,213.40675252840046,213.40675252840046,6.81456340954972
single-blocker,20,111,known,512,0.0,108.0,1569.0,0,0,511,1,792.0,364.2404616026218,364.2404616026218,13.024781900410984
single-blocker,20,111,product,512,0.0,108.0,1569.0,0,0,511,1,792.0,364.2404616026218,364.2404616026218,13.024781900410984
outcome-lag-64,22,111,prefix,512,23.625,349.5,1682.75,0,0,64,42,584.5088101930606,625.5625695551638,582.3763057060173,195.08198405465615
outcome-lag-64,22,111,intersection,512,10.171875,341.8125,1666.5,0,0,64,42,580.0013039665093,620.9737516938081,577.9551541099712,189.95531847583644
outcome-lag-64,22,111,completed,512,11.28125,324.375,1675.0,22,22,64,42,571.9636295153722,612.1577373040146,569.5076874891048,181.75604252273087
outcome-lag-64,22,111,plugin,512,15.08984375,170.109375,1674.0,0,0,64,42,441.6950990648951,477.1632756505887,440.6524741942774,152.65349297503693
outcome-lag-64,22,111,safe,512,148.0,0.0,1799.0,0,0,64,42,258.40412014326034,284.2147098012446,257.60239629970437,95.86478741555115
outcome-lag-64,22,111,known,512,0.0,336.0,1656.25,0,0,64,42,580.714157341355,621.5805670451674,578.5466166573023,187.1785025962074
outcome-lag-64,22,111,product,512,168.0,432.0,1826.75,0,0,64,42,533.2804826144572,579.4167415033912,531.3274649241569,188.73382879285012
single-blocker,22,111,prefix,512,168.0,432.0,1826.75,0,0,511,1,1024.0,445.88372105702854,445.88372105702854,17.354974329875436
single-blocker,22,111,intersection,512,4.59375,338.625,1663.25,0,0,511,1,1024.0,498.9916877787364,498.9916877787364,19.044210820392262
single-blocker,22,111,completed,512,4.265625,338.4375,1663.25,0,0,511,1,1024.0,498.9916877787364,498.9916877787364,19.044210820392262
single-blocker,22,111,plugin,512,14.90234375,169.546875,1674.5,0,0,511,1,802.0,369.4511587724677,369.4511587724677,14.549518118225874
single-blocker,22,111,safe,512,148.0,0.0,1799.0,0,0,511,1,512.0,213.40675252840046,213.40675252840046,6.81456340954972
single-blocker,22,111,known,512,0.0,336.0,1656.25,0,0,511,1,1024.0,498.7957688253494,498.7957688253494,19.039630351865583
single-blocker,22,111,product,512,168.0,432.0,1826.75,0,0,511,1,1024.0,445.88372105702854,445.88372105702854,17.354974329875436
outcome-lag-64,24,111,prefix,512,10.1171875,358.71875,1720.5,0,0,64,48,579.9946865042506,613.9207660183554,571.572597729712,194.6761469542359
outcome-lag-64,24,111,intersection,512,4.22265625,349.703125,1713.5,0,0,64,40,571.3328428485307,606.9534997523148,563.7082736557076,175.9935104975132
outcome-lag-64,24,111,completed,512,7.15625,327.625,1728.25,28,28,64,40,558.2685050779652,593.2418256908622,550.7493297627308,163.42746679142266
outcome-lag-64,24,111,plugin,512,49.0625,201.0,1774.0,0,0,64,40,419.4466336291564,437.1043089463407,412.2047369413068,105.3280821535204
outcome-lag-64,24,111,safe,512,83.0,0.0,1789.0,0,0,64,40,258.4270933321807,281.7559794794049,257.57355966832785,88.77778263707563
outcome-lag-64,24,111,known,512,0.0,340.0,1717.25,0,0,64,40,567.9165333311315,602.6821264937986,560.6800344341285,169.87628956082938
outcome-lag-64,24,111,product,512,56.0,372.0,1747.25,0,0,64,50,507.8893019367494,576.9671982801835,507.0357682728965,225.55204181745017
single-blocker,24,111,prefix,512,59.0,400.0,1751.75,0,0,511,1,1024.0,448.1619190637396,448.1619190637396,17.464287320832707
single-blocker,24,111,intersection,512,2.69140625,348.828125,1718.0,0,0,511,1,1004.0,492.7101825562234,492.7101825562234,18.97452757292831
single-blocker,24,111,completed,512,2.66796875,348.609375,1718.0,0,0,511,1,1004.0,492.7101825562234,492.7101825562234,18.97452757292831
single-blocker,24,111,plugin,512,0.927734375,340.9921875,1717.5,0,0,511,1,997.0,490.31921718786236,490.31921718786236,18.94563716520433
single-blocker,24,111,safe,512,83.0,0.0,1789.0,0,0,511,1,512.0,213.40675252840046,213.40675252840046,6.81456340954972
single-blocker,24,111,known,512,0.0,340.0,1717.25,0,0,511,1,996.0,489.9420598943622,489.9420598943622,18.940658288267453
single-blocker,24,111,product,512,56.0,372.0,1747.25,0,0,511,1,996.0,420.1619190637396,420.1619190637396,13.572830567580647
outcome-lag-64,26,111,prefix,512,38.8828125,270.21875,1568.75,0,0,64,48,587.1881220764639,649.8263252784899,586.7724613015007,246.63860115356982
outcome-lag-64,26,111,intersection,512,15.75,257.0,1536.75,0,0,64,40,581.555885908553,647.3405647296146,581.14022513359,243.4932197503665
outcome-lag-64,26,111,completed,512,23.94140625,239.984375,1548.25,27,27,64,40,571.3290378361671,635.7342154815038,570.9133770612041,223.1428131459118
outcome-lag-64,26,111,plugin,512,10.30859375,223.609375,1542.0,0,0,64,40,570.9084743935888,633.6702896634397,570.4928136186257,224.59842041093415
outcome-lag-64,26,111,safe,512,286.0,0.0,1792.0,0,0,64,40,258.55136601428313,286.7832996620461,258.13570523932003,94.12351716023417
outcome-lag-64,26,111,known,512,0.0,248.0,1526.5,0,0,64,40,582.1398657313316,647.1731770613433,581.7242049563685,234.74827637987104
outcome-lag-64,26,111,product,512,252.0,392.0,1781.25,0,0,64,50,535.5665097756171,610.1760211002024,535.1508490006539,237.0280774164297
single-blocker,26,111,prefix,512,252.0,392.0,1781.25,0,0,511,1,1024.0,447.4027700258035,447.4027700258035,17.42931639949815
single-blocker,26,111,intersection,512,8.3671875,252.78125,1529.75,0,0,511,1,1024.0,499.20951943267784,499.20951943267784,19.04929458165353
single-blocker,26,111,completed,512,8.3671875,252.78125,1529.75,0,0,511,1,1024.0,499.20951943267784,499.20951943267784,19.04929458165353
single-blocker,26,111,plugin,512,3.9375,250.25,1527.75,0,0,511,1,1024.0,499.06062228370297,499.06062228370297,19.045820640554275
single-blocker,26,111,safe,512,286.0,0.0,1792.0,0,0,511,1,512.0,213.40675252840046,213.40675252840046,6.81456340954972
single-blocker,26,111,known,512,0.0,248.0,1526.5,0,0,511,1,1024.0,498.9916877787372,498.9916877787372,19.044210820392244
single-blocker,26,111,product,512,252.0,392.0,1781.25,0,0,511,1,1024.0,447.4027700258035,447.4027700258035,17.42931639949815
