scenario,truth,algorithm,seeds,episodes_per_seed,pseudo_regret_mean,pseudo_regret_sample_sd,expected_waste_mean,expected_waste_sample_sd,realized_cost_mean,realized_cost_sample_sd,prefix_exposure_mean,prefix_exposure_sample_sd,completion_exposure_mean,completion_exposure_sample_sd,intersection_exposure_mean,intersection_exposure_sample_sd,unresolved_mass_exposure_mean,unresolved_mass_exposure_sample_sd,confidence_exclusions_sum,safe_fallbacks_sum,maximum_prefix_debt,maximum_unreturned
outcome-lag-64,0,completed,4,512,10.25,2.9949399872691522,270.5234375,36.06735032914984,1770.3125,6.571323433423945,488.22243792911775,27.201981900042874,506.3892278586505,29.401314788233787,478.90271400305863,27.895247219405704,127.94617643852888,20.116530311424825,91,91,64,42
outcome-lag-64,0,intersection,4,512,9.73828125,2.4556164572380994,281.546875,14.738819087224645,1766.375,8.387739067631196,499.4659613992224,17.005926989642983,516.0740200434026,19.8339756410372,488.60407095938604,18.460016731259717,134.03913531862028,18.35027802831256,0,0,64,42
outcome-lag-64,0,known,4,512,0.0,0.0,200.0,0.0,1755.0625,11.683990114682569,416.89774373180416,3.3307988353036078,437.0599101510719,2.1147258436106324,409.7734484237928,2.643468811706782,120.73947145403112,11.490185504675344,0,0,64,42
outcome-lag-64,0,plugin,4,512,0.97216796875,1.082973762896513,197.240234375,6.604341362248136,1755.5,13.436579425831065,417.00217752679555,4.780184776593409,437.118636797775,2.3800214687950407,409.93385373424707,3.290522100701595,118.50137426553974,10.733167030262772,0,0,64,42
outcome-lag-64,0,prefix,4,512,11.109375,1.7320442003067953,303.6875,16.16574586953009,1769.1875,7.394747572883517,516.1687707665632,11.912546451771528,530.9149632848607,16.005914256822578,503.32382580115024,14.618988540247436,135.34557202369277,18.05294377899403,0,0,64,42
outcome-lag-64,0,product,4,512,34.0,0.0,0.0,0.0,1788.0,5.354126134736337,258.4348463269851,0.11667139314004961,282.4949187471451,3.0338343376764567,256.4606300614016,1.804691262425482,96.95551932963102,8.77543451920041,0,0,64,42
outcome-lag-64,0,safe,4,512,34.0,0.0,0.0,0.0,1788.0,5.354126134736337,258.4348463269851,0.11667139314004961,282.4949187471451,3.0338343376764567,256.4606300614016,1.804691262425482,96.95551932963102,8.77543451920041,0,0,64,42
outcome-lag-64,1,completed,4,512,1.4677734375,1.0321429461461706,370.14453125,4.121903924115094,1754.75,13.492281744266485,567.0502730252186,5.000557846801559,592.8679930002609,7.183028929542379,559.0254196297642,4.908088609773129,169.17605566030227,6.196739399295813,29,29,64,42
outcome-lag-64,1,intersection,4,512,1.81982421875,1.0288988534578958,379.294921875,1.9973266536531347,1754.6875,12.114686335188377,571.9906122664996,2.0312592009819905,597.6650857165054,5.697667402523376,563.6777438230602,2.635612956448136,172.0790345279077,6.7568019212593065,0,0,64,42
outcome-lag-64,1,known,4,512,0.0,0.0,368.0,0.0,1752.5625,11.295970889362868,567.2594284879999,3.211110427422633,593.1465827705454,6.8048263072596935,559.3010967884496,4.124483641053196,170.06126598603714,7.130070024347565,0,0,64,42
outcome-lag-64,1,plugin,4,512,9.04736328125,5.690706767305294,265.775390625,67.12832010157733,1758.5625,11.89953605538188,484.98366795672376,64.11781045423925,506.95947943201884,65.45347194385015,477.6873267425957,62.6471714786721,142.0953726163219,17.685315277214475,0,0,64,42
outcome-lag-64,1,prefix,4,512,1.39599609375,0.1434749459648928,381.029296875,1.3390994956723328,1753.875,12.454082329367614,572.5578761498998,2.3772191160721614,598.1574196488642,5.699985692528155,564.1890399259679,3.0055651012504416,171.99860624505712,6.889470049110339,0,0,64,42
outcome-lag-64,1,product,4,512,70.0,0.0,408.0,0.0,1822.1875,19.932568616880932,507.31341523069534,1.913408611917129,553.3133383796537,6.013550760005503,504.56367848292234,4.2565925474497455,193.237340754693,6.355710397611442,0,0,64,42
outcome-lag-64,1,safe,4,512,48.0,0.0,0.0,0.0,1798.75,9.17877987534291,258.42776077570466,0.1304987752613815,282.7853106974735,3.5019284969784286,257.0100858935243,1.0946686923493623,101.62724137950718,3.534860834690815,0,0,64,42
outcome-lag-64,2,completed,4,512,3.4765625,0.9049427645237029,335.4375,7.669103262883532,1704.375,38.18513017742203,560.6756662744389,5.529245806941725,600.1000730605589,12.144471076328498,554.7023461998859,6.6992609294276955,182.6191283357657,11.026714148960714,68,68,64,46
outcome-lag-64,2,intersection,4,512,2.4208984375,0.6440427836547308,352.29296875,5.481423187709595,1704.0625,36.248203978496186,571.0983560277684,4.1815318368478644,610.6819554920813,10.893916290452722,564.7325864219267,5.728610215013817,193.42204645765122,9.430294316388402,0,0,64,46
outcome-lag-64,2,known,4,512,0.0,0.0,340.0,0.0,1700.75,38.456143852445734,563.176901395828,3.5812253768013407,603.2639210930149,10.117738267510957,557.8174742028442,4.278410529693506,188.74541108054763,11.803745520873964,0,0,64,46
outcome-lag-64,2,plugin,4,512,27.53857421875,24.131332877358567,264.201171875,71.79023799998664,1724.5625,35.16412411819751,487.7440184704904,81.3303595957216,519.2616001472703,90.9635922961588,482.059342259064,80.56342052626522,154.81408392361507,31.20637223488232,0,0,64,46
outcome-lag-64,2,prefix,4,512,1.73291015625,0.6958177423919581,354.017578125,6.3940921695618025,1702.6875,38.66543191275639,571.8165811322439,5.309201963639389,611.3464324202998,12.423941147827449,565.6535663078523,6.810255670934312,190.05556978301996,12.530189377412487,0,0,64,46
outcome-lag-64,2,product,4,512,56.0,0.0,372.0,0.0,1750.4375,28.978709857410838,503.9135067097915,2.9406229710716176,578.8322552275849,10.137304195818587,502.77154482712353,3.6089105815744085,239.56895058037952,12.824718006181529,0,0,64,56
outcome-lag-64,2,safe,4,512,83.0,0.0,0.0,0.0,1782.75,19.05037182489273,258.2675634859276,0.33822011826546744,284.6150273310116,4.83665022286852,257.12560160325967,1.3891457542720407,100.43581807463629,4.203080758684363,0,0,64,46
outcome-lag-64,3,completed,4,512,19.580078125,8.570590389989201,246.1484375,17.945112396395594,1674.375,8.476683706890723,512.9602909528842,16.15958924589811,547.9084940661742,15.71817753341474,509.8771754825367,16.089635818922083,159.91570956860718,20.93127163669326,151,151,64,43
outcome-lag-64,3,intersection,4,512,10.07958984375,2.4648934675180953,262.076171875,23.00567236350222,1664.75,14.219997655883539,526.4468267231097,11.737297770103291,561.4824853911216,10.77264684545709,522.7430270970146,11.112535442436384,171.0032880660766,12.025981063884764,0,0,64,43
outcome-lag-64,3,known,4,512,0.0,0.0,168.0,0.0,1654.25,10.855106325289189,432.7820432041011,3.036574045678406,470.7887324748947,4.816045575313184,432.1286313986171,2.954611725507486,153.317284950404,9.394123370518763,0,0,64,43
outcome-lag-64,3,plugin,4,512,2.1494140625,0.8837417617982212,170.28515625,12.942690780085346,1656.5625,11.664359890995591,438.846977501825,14.876531472023458,476.22219942837256,15.795593997559076,438.20865604310353,15.202332047584102,153.32045211319746,9.584845475864745,0,0,64,43
outcome-lag-64,3,prefix,4,512,12.27392578125,2.4052496477964813,282.556640625,22.44899671276716,1667.875,14.61947901488513,539.9076736015627,11.802362744553744,574.5499407967197,11.155756158646746,535.7955970149401,11.449749783045418,172.10638889339975,12.054083770680029,0,0,64,43
outcome-lag-64,3,product,4,512,0.0,0.0,168.0,0.0,1654.25,10.855106325289189,432.7820432041011,3.036574045678406,470.7887324748947,4.816045575313184,432.1286313986171,2.954611725507486,153.317284950404,9.394123370518763,0,0,64,43
outcome-lag-64,3,safe,4,512,134.0,0.0,0.0,0.0,1794.25,9.604686356149273,258.3987610537272,0.26841978777284387,284.8340514969809,1.5560421396718902,257.81235237597997,1.1425593398249514,97.27098608490493,9.566741458286415,0,0,64,43
outcome-lag-64,4,completed,4,512,9.10546875,3.50469655594015,315.328125,7.95660839726953,1650.8125,8.096745745462597,567.5532535346189,5.323065146637364,605.4943705638218,7.632015778196402,563.5792223148085,5.331329763103994,176.51979613150303,14.015621044453995,126,126,64,46
outcome-lag-64,4,intersection,4,512,0.0,0.0,336.0,0.0,1642.9375,11.132488116619154,579.5808154114756,1.530806673360735,618.6433368811411,4.027719586910638,576.1083513757064,1.3948865284682392,189.47668199891598,11.79340271035439,0,0,64,46
outcome-lag-64,4,known,4,512,0.0,0.0,336.0,0.0,1642.9375,11.132488116619154,579.5808154114756,1.530806673360735,618.6433368811411,4.027719586910638,576.1083513757064,1.3948865284682392,189.47668199891598,11.79340271035439,0,0,64,46
outcome-lag-64,4,plugin,4,512,8.8837890625,5.793257497123576,236.05078125,64.27609637292394,1658.25,19.584219838090736,507.36917480353054,56.00812755920296,541.8349743909416,58.04120040986554,504.76293684215193,55.98224080760913,162.32116484464328,24.63408522751499,0,0,64,46
outcome-lag-64,4,prefix,4,512,0.0,0.0,336.0,0.0,1642.9375,11.132488116619154,579.5808154114756,1.530806673360735,618.6433368811411,4.027719586910638,576.1083513757064,1.3948865284682392,189.47668199891598,11.79340271035439,0,0,64,46
outcome-lag-64,4,product,4,512,0.0,0.0,336.0,0.0,1642.9375,11.132488116619154,579.5808154114756,1.530806673360735,618.6433368811411,4.027719586910638,576.1083513757064,1.3948865284682392,189.47668199891598,11.79340271035439,0,0,64,46
outcome-lag-64,4,safe,4,512,148.0,0.0,0.0,0.0,1798.5,20.55075018906447,258.3487077800083,0.0730483121510733,281.99487802780345,3.844623272416026,256.8846496288779,0.6813403259575965,90.8294909752689,5.499431308077349,0,0,64,46
outcome-lag-64,5,completed,4,512,11.70556640625,9.340389451151495,288.298828125,15.720436890462626,1640.8125,24.811266761963875,567.9869469119096,10.579093119516937,616.3409349067492,12.148023328254439,565.7431933323978,11.419753492531274,196.21460524652156,15.174556821351366,131,131,64,42
outcome-lag-64,5,intersection,4,512,0.0,0.0,308.0,0.0,1631.4375,28.234416793457353,581.121084638673,0.6076542714003313,631.2553074654629,4.679007895710222,578.797095719078,0.9624005572853251,208.55411575565418,12.255152856094949,0,0,64,42
outcome-lag-64,5,known,4,512,0.0,0.0,308.0,0.0,1631.4375,28.234416793457353,581.121084638673,0.6076542714003313,631.2553074654629,4.679007895710222,578.797095719078,0.9624005572853251,208.55411575565418,12.255152856094949,0,0,64,42
outcome-lag-64,5,plugin,4,512,20.37744140625,21.068371498663407,244.619140625,62.73287616742879,1649.25,38.594580794026854,526.6694112934521,67.16358383346949,570.7141951816632,73.83536854142346,524.2930158482459,66.05720037386705,182.5789939846424,36.120330017375075,0,0,64,42
outcome-lag-64,5,prefix,4,512,0.0,0.0,308.0,0.0,1631.4375,28.234416793457353,581.121084638673,0.6076542714003313,631.2553074654629,4.679007895710222,578.797095719078,0.9624005572853251,208.55411575565418,12.255152856094949,0,0,64,42
outcome-lag-64,5,product,4,512,154.0,0.0,396.0,0.0,1769.1875,16.850290551401976,537.7772033995919,2.305570527540981,610.7504792588263,3.410097031337199,535.989097948853,2.329703968164804,236.90483399612307,9.222301737389506,0,0,64,52
outcome-lag-64,5,safe,4,512,183.0,0.0,0.0,0.0,1792.5,4.203173404306164,258.38486418524917,0.19180470670249974,283.39234496980686,2.1640176738717702,256.59864768214965,1.4138092999374356,95.44328601932146,6.406386738477249,0,0,64,42
outcome-lag-64,6,completed,4,512,22.23193359375,5.816143985571616,192.021484375,44.242662471606494,1578.125,23.3037014227354,514.0775303067413,26.684969688252398,559.3287669966764,25.98444772017379,509.43031097095815,26.797966967980162,180.77015553119037,12.569137861019875,114,109,64,42
outcome-lag-64,6,intersection,4,512,9.19775390625,2.2401128335191003,193.845703125,20.907719779511602,1567.8125,21.387666812129524,520.2089079048935,15.01052031430734,564.695184169175,14.251729202030237,514.9030026865348,14.650445096497451,192.75502970018786,9.862473136383198,0,0,64,42
outcome-lag-64,6,known,4,512,0.0,0.0,108.0,0.0,1557.9375,19.943017784009854,435.3366264994121,6.277080346202832,483.3117453110244,5.497305404664131,433.6545053658762,5.871848751149716,178.22461606684914,8.817746000886409,0,0,64,42
outcome-lag-64,6,plugin,4,512,2.60693359375,1.7921284221034595,107.115234375,1.69746976560504,1560.375,18.65084895297441,435.6271382204769,5.033230326226863,483.28637706747605,4.300698848949207,433.93861417983805,4.314736256812567,176.2910859578148,9.076512237856743,0,0,64,42
outcome-lag-64,6,prefix,4,512,11.23828125,2.4121465394404162,212.890625,22.513367701443883,1568.375,20.787115400330723,531.9088295244886,14.083324328060955,575.8259549425173,13.651186610857645,526.0224297189468,14.200421427211742,193.70321385685327,9.62188323906318,0,0,64,42
outcome-lag-64,6,product,4,512,0.0,0.0,108.0,0.0,1557.9375,19.943017784009854,435.3366264994121,6.277080346202832,483.3117453110244,5.497305404664131,433.6545053658762,5.871848751149716,178.22461606684914,8.817746000886409,0,0,64,42
outcome-lag-64,6,safe,4,512,237.0,0.0,0.0,0.0,1793.25,12.203141671990318,258.3627190454213,0.14492562788320867,283.3063068976119,3.181670088004854,256.7136018189537,1.4383248924259742,95.35480788643324,2.095586475369597,0,0,64,42
outcome-lag-64,7,completed,4,512,7.23095703125,9.534396943423745,268.048828125,10.484038073246827,1554.875,9.279233086126604,575.1938202004418,8.345028313430815,633.1444321446709,8.996825794018081,573.1891318834868,9.411880030191726,226.0106400313871,15.44340232877258,59,59,64,47
outcome-lag-64,7,intersection,4,512,0.0,0.0,276.0,0.0,1547.3125,16.60493776963146,581.4810911188288,0.8334995587680794,639.6052308672829,3.230419696725955,579.5594876220323,1.923104102383566,233.9721091557635,6.28847212028997,0,0,64,47
outcome-lag-64,7,known,4,512,0.0,0.0,276.0,0.0,1547.3125,16.60493776963146,581.4810911188288,0.8334995587680794,639.6052308672829,3.230419696725955,579.5594876220323,1.923104102383566,233.9721091557635,6.28847212028997,0,0,64,47
outcome-lag-64,7,plugin,4,512,9.646484375,4.236946854549245,184.90625,58.01939366013837,1556.4375,15.085002209700423,508.9371379918607,57.87435387082979,561.620855375046,60.83760262789861,507.3249173832516,58.47182331376504,204.9996386565751,17.37651597271216,0,0,64,47
outcome-lag-64,7,prefix,4,512,0.0,0.0,276.0,0.0,1547.3125,16.60493776963146,581.4810911188288,0.8334995587680794,639.6052308672829,3.230419696725955,579.5594876220323,1.923104102383566,233.9721091557635,6.28847212028997,0,0,64,47
outcome-lag-64,7,product,4,512,0.0,0.0,276.0,0.0,1547.3125,16.60493776963146,581.4810911188288,0.8334995587680794,639.6052308672829,3.230419696725955,579.5594876220323,1.923104102383566,233.9721091557635,6.28847212028997,0,0,64,47
outcome-lag-64,7,safe,4,512,251.0,0.0,0.0,0.0,1782.5,10.115993936995679,258.38847475532873,0.18644755690887965,284.83611253940967,2.6294780169860497,256.93983318878566,1.2736421938391311,104.7263727750817,8.504430580330805,0,0,64,47
outcome-lag-64,8,completed,4,512,11.5908203125,9.881216611409664,237.94921875,8.568327691012577,1542.5,14.07716827585245,572.9102754093484,6.903881352067274,636.2371852426833,9.205715517914483,572.0640719970925,7.363464550544035,228.99682682295094,24.387756070893516,83,83,64,45
outcome-lag-64,8,intersection,4,512,0.0,0.0,248.0,0.0,1531.5625,15.377709788305063,580.6833634378538,0.5395703983582197,644.6353249307997,3.17163518187681,579.837160025598,1.3329096333856525,240.51785496975913,14.716731064635562,0,0,64,45
outcome-lag-64,8,known,4,512,0.0,0.0,248.0,0.0,1531.5625,15.377709788305063,580.6833634378538,0.5395703983582197,644.6353249307997,3.17163518187681,579.837160025598,1.3329096333856525,240.51785496975913,14.716731064635562,0,0,64,45
outcome-lag-64,8,plugin,4,512,7.2998046875,3.8767012276479687,231.49609375,5.5132619318245935,1541.0,11.028372500056388,570.0167747129694,4.490527274356738,632.9151900439106,7.640747675597141,569.1692303797543,5.232001576142821,228.20879830731,16.495270766655675,0,0,64,45
outcome-lag-64,8,prefix,4,512,0.0,0.0,248.0,0.0,1531.5625,15.377709788305063,580.6833634378538,0.5395703983582197,644.6353249307997,3.17163518187681,579.837160025598,1.3329096333856525,240.51785496975913,14.716731064635562,0,0,64,45
outcome-lag-64,8,product,4,512,0.0,0.0,248.0,0.0,1531.5625,15.377709788305063,580.6833634378538,0.5395703983582197,644.6353249307997,3.17163518187681,579.837160025598,1.3329096333856525,240.51785496975913,14.716731064635562,0,0,64,45
outcome-lag-64,8,safe,4,512,286.0,0.0,0.0,0.0,1798.25,10.874281585465774,258.3908533045211,0.18009987187548035,284.0551278271764,3.1447599376535207,257.54464989226517,1.0843981845123933,96.44428208090488,9.629316755548878,0,0,64,45
outcome-lag-64,9,completed,4,512,13.099609375,2.0184832669341675,199.1171875,29.259328718500903,1797.3125,18.831904444320017,443.1376544912957,18.536723084015094,463.25419791831473,16.12565417365859,436.3013214219054,19.301873339048473,128.99258974227342,11.214787124195839,67,67,64,43
outcome-lag-64,9,intersection,4,512,13.5625,3.3709707816023364,196.21875,47.37473889549859,1799.25,20.577090821266903,450.6362513508049,31.521456182542035,468.4945355418513,30.456932635319625,441.6461397856984,32.861057223598756,136.463031120175,12.373291407310838,0,0,64,43
outcome-lag-64,9,known,4,512,0.0,0.0,0.0,0.0,1790.0,17.146428199482248,258.35290767267423,0.14297132173934787,283.70361406638347,2.9201995908551845,257.29066130497176,0.7208330620473766,99.31453791404743,8.765913243693477,0,0,64,43
outcome-lag-64,9,plugin,4,512,0.791015625,0.39396359740555875,17.8828125,9.79481470893103,1789.25,17.379345979255568,280.1029076726742,11.399992784253028,305.4536140663836,10.977134104551881,279.0406613049717,11.069613606604625,103.08089986347348,6.015456777729881,0,0,64,43
outcome-lag-64,9,prefix,4,512,17.984375,2.155806491224147,261.40625,30.020598397183893,1803.1875,23.37589124860626,495.1929588554486,14.829332658714977,511.3597752224546,13.286247253725,484.2088350110765,16.187674186341567,142.49507147162342,8.602258794948042,0,0,64,43
outcome-lag-64,9,product,4,512,0.0,0.0,0.0,0.0,1790.0,17.146428199482248,258.35290767267423,0.14297132173934787,283.70361406638347,2.9201995908551845,257.29066130497176,0.7208330620473766,99.31453791404743,8.765913243693477,0,0,64,43
outcome-lag-64,9,safe,4,512,0.0,0.0,0.0,0.0,1790.0,17.146428199482248,258.35290767267423,0.14297132173934787,283.70361406638347,2.9201995908551845,257.29066130497176,0.7208330620473766,99.31453791404743,8.765913243693477,0,0,64,43
outcome-lag-64,10,completed,4,512,19.52734375,8.673569888799273,334.140625,34.725790615249736,1740.6875,29.636249622154736,530.8520381228441,26.329929655791126,569.6747566170649,25.557264912211387,527.8224600259476,26.55331041498449,170.75739802000746,13.773797213113177,37,37,64,43
outcome-lag-64,10,intersection,4,512,20.2578125,9.192996778996816,355.84375,28.320052800533407,1740.5,28.38646978168766,545.9756754357767,21.229379496263533,585.8036415376612,20.157107296561666,542.9969898609913,21.681942820001073,183.14182302802195,12.384850509513056,0,0,64,43
outcome-lag-64,10,known,4,512,0.0,0.0,288.0,0.0,1725.75,33.19450255689939,470.1080767606495,5.705052215021872,514.5547670761586,9.152790363113992,468.9131110347454,5.737824967087556,172.73546798681943,8.689631583798601,0,0,64,43
outcome-lag-64,10,plugin,4,512,45.7890625,19.905106300543522,70.65625,102.63302153485982,1774.375,40.38228778396126,318.44378499947885,79.58233485160245,348.3928465242228,84.97901052525343,317.49374964760904,79.34023649626752,115.0290553496133,20.136844787888986,0,0,64,43
outcome-lag-64,10,prefix,4,512,29.171875,12.025079586534968,370.28125,34.83209352857409,1749.1875,28.45198806762016,566.3480422555676,19.78323432404779,597.9174069880617,18.72371495256856,557.7453162678344,21.771721955236707,178.82026079326334,13.813600868354177,0,0,64,43
outcome-lag-64,10,product,4,512,0.0,0.0,288.0,0.0,1725.75,33.19450255689939,470.1080767606495,5.705052215021872,514.5547670761586,9.152790363113992,468.9131110347454,5.737824967087556,172.73546798681943,8.689631583798601,0,0,64,43
outcome-lag-64,10,safe,4,512,56.0,0.0,0.0,0.0,1786.75,16.958282145704892,258.4693375704966,0.08916402785311583,285.2584254271511,2.3628566644401876,257.6848024980601,0.25898826586149964,99.6109203685739,2.340338179117761,0,0,64,43
outcome-lag-64,11,completed,4,512,17.896484375,4.948663766239232,300.1796875,34.55880193258477,1681.125,17.33313301166295,535.8965427696073,26.076567911906196,593.2161000778618,22.68613420116912,533.2636966480557,24.517748603152153,203.9081855201934,3.499449461513321,74,74,64,47
outcome-lag-64,11,intersection,4,512,12.17578125,4.213733997207079,296.140625,36.480699984432405,1674.125,21.70493415485674,533.1374037713666,26.443818078810892,590.6698758054525,24.66205825294294,529.9318585015202,25.63644667071751,210.6455970999512,2.782680348983764,0,0,64,47
outcome-lag-64,11,known,4,512,0.0,0.0,240.0,0.0,1660.4375,21.15456511016003,471.99830152155346,2.224126248249302,531.6238262340854,4.623596708109599,470.15519976649983,3.479412175113952,208.98497371624993,6.101149108027871,0,0,64,47
outcome-lag-64,11,plugin,4,512,18.34375,7.544362073001379,220.625,14.516558433389093,1679.125,25.672212604292604,471.81931207460593,10.879552371377752,527.6240135953673,10.211696237017495,469.9762103195523,9.825708337556211,195.36071714619987,7.947656029447525,0,0,64,47
outcome-lag-64,11,prefix,4,512,21.4296875,8.399245358432259,305.84375,24.480899761344556,1683.6875,17.41213058952484,547.7276801580978,17.907429278493566,602.0900508734323,14.8681991074375,542.9183473352049,16.69933271965502,207.81744616196548,4.51797171892433,0,0,64,47
outcome-lag-64,11,product,4,512,0.0,0.0,240.0,0.0,1660.4375,21.15456511016003,471.99830152155346,2.224126248249302,531.6238262340854,4.623596708109599,470.15519976649983,3.479412175113952,208.98497371624993,6.101149108027871,0,0,64,47
outcome-lag-64,11,safe,4,512,132.0,0.0,0.0,0.0,1798.0,5.597618541248888,258.4384149869987,0.13451265737954865,283.15507417452085,3.1705910636353423,256.595313231945,1.490171146241382,98.74306006390059,3.0574458315846242,0,0,64,45
outcome-lag-64,12,completed,4,512,12.056640625,3.009191208637834,365.8515625,22.43923181280853,1744.5625,20.30740320671257,550.6662938584467,16.463390483718687,591.2770473556983,14.481668685757493,546.9606767569169,16.58333579623037,181.3699246168007,5.8774355817490544,64,64,64,43
outcome-lag-64,12,intersection,4,512,10.791015625,2.7912345286064544,382.0078125,23.881030747379636,1743.5,21.627528753882167,560.2230421938019,15.688005646897153,601.9062656279818,14.913950700217354,557.0750419897272,16.09215233572362,188.74819139949247,6.316726226458873,0,0,64,43
outcome-lag-64,12,known,4,512,0.0,0.0,288.0,0.0,1733.375,20.13961684508091,469.2787230054992,3.0251460099464618,511.5367684082446,2.6542047148435026,467.22734838964516,2.7344883953268853,175.95659146829524,5.749677595181527,0,0,64,43
outcome-lag-64,12,plugin,4,512,27.689453125,19.37281298035497,148.6640625,99.49142281066557,1760.0625,33.98122950002447,385.0211746025268,75.91139351104768,417.5510634591901,79.42004911192446,383.1369694579571,75.19968823215805,135.60248593451632,23.100193791516187,0,0,64,43
outcome-lag-64,12,prefix,4,512,11.58984375,2.9691988421665054,380.359375,18.46113421657781,1746.3125,21.140773204087562,559.8743928609733,11.043196649796398,599.922616504966,10.817679050992032,555.8455331047604,11.359004132992734,188.20238775913077,5.968643390748133,0,0,64,43
outcome-lag-64,12,product,4,512,0.0,0.0,288.0,0.0,1733.375,20.13961684508091,469.2787230054992,3.0251460099464618,511.5367684082446,2.6542047148435026,467.22734838964516,2.7344883953268853,175.95659146829524,5.749677595181527,0,0,64,43
outcome-lag-64,12,safe,4,512,56.0,0.0,0.0,0.0,1788.5,17.76701062831524,258.32370484909393,0.12821910633334987,283.7892577831607,2.3304142218086836,257.00722397216737,0.4722835687709099,100.45973046018179,4.86356204252938,0,0,64,43
outcome-lag-64,13,completed,4,512,3.4375,1.529229108625214,363.375,9.175374651751284,1718.75,14.397627119309163,563.5043899830371,8.405768767130441,606.6912666450044,4.638546670524707,560.8798557772305,8.648667786195197,186.79017909920242,8.720464118938823,110,110,64,44
outcome-lag-64,13,intersection,4,512,0.0,0.0,384.0,0.0,1724.625,3.777675652214379,583.517575531627,6.207300132401333,624.1053729974047,7.041979792696235,580.4501531299599,7.230484869971581,199.18453200030612,7.129498817907661,0,0,64,44
outcome-lag-64,13,known,4,512,0.0,0.0,384.0,0.0,1716.1875,6.5808275822016995,569.7320426476803,1.6641109462506631,613.2504362337888,3.468712785064132,566.9336486089456,1.7285804291639904,194.1551580522521,4.49610727833222,0,0,64,44
outcome-lag-64,13,plugin,4,512,12.4765625,8.26270033323701,287.15625,60.92961487445986,1731.25,8.546441754710942,508.8654141200435,53.0235889672972,548.1622543376145,53.42865382940756,506.55145089680127,53.02512299749356,165.5346229525312,19.431100808245624,0,0,64,44
outcome-lag-64,13,prefix,4,512,0.0,0.0,384.0,0.0,1713.9375,6.7865522665538105,586.8852423772604,4.574428491062121,628.2576877891643,8.137451532603896,583.5618024585542,4.588634336486956,199.93771301286398,7.719800535141323,0,0,64,44
outcome-lag-64,13,product,4,512,0.0,0.0,384.0,0.0,1716.1875,6.5808275822016995,569.7320426476803,1.6641109462506631,613.2504362337888,3.468712785064132,566.9336486089456,1.7285804291639904,194.1551580522521,4.49610727833222,0,0,64,44
outcome-lag-64,13,safe,4,512,64.0,0.0,0.0,0.0,1791.5,14.479871085982316,258.29470071248886,0.1586640027191326,281.4413247832578,1.3538526682895302,256.5870621169709,0.8785871337821257,93.10815503050691,3.655724503954192,0,0,64,44
outcome-lag-64,14,completed,4,512,20.5078125,6.770951521404383,330.65625,16.59446600777902,1660.9375,10.638716636261474,572.3621216906295,7.607199553748746,633.0409012435067,11.546180703639378,571.2179906242349,8.408034590817026,229.07439851873548,22.77834215764817,84,84,64,51
outcome-lag-64,14,intersection,4,512,16.2421875,8.320890776070293,345.28125,4.754794729183024,1655.875,10.25,583.888071667422,6.061030400102019,645.0678373855787,7.494411401369805,582.546028867936,6.17222908963004,239.81986423393465,14.01013844300506,0,0,64,51
outcome-lag-64,14,known,4,512,0.0,0.0,336.0,0.0,1633.8125,11.701807196611414,571.0641543970878,2.677735751944529,636.5822766623498,1.7025822459539137,569.7760455043733,2.152502498524864,239.84304408959,17.275666743575982,0,0,64,51
outcome-lag-64,14,plugin,4,512,21.091796875,10.423499793307464,262.3984375,51.70170209334465,1660.625,10.067480651417547,515.9939962260997,47.262341843426576,576.2445074084362,50.56278668670354,514.8796729747282,47.72106588610938,206.12533819664247,26.51798624843525,0,0,64,51
outcome-lag-64,14,prefix,4,512,20.53515625,5.186093794722214,347.734375,2.9634821684126935,1664.6875,11.689338090756037,585.1104268977672,5.087467819356628,645.6107364386428,8.390717508675781,583.7140376330121,5.545375773248969,238.43853651028803,15.269230283810334,0,0,64,51
outcome-lag-64,14,product,4,512,0.0,0.0,336.0,0.0,1633.8125,11.701807196611414,571.0641543970878,2.677735751944529,636.5822766623498,1.7025822459539137,569.7760455043733,2.152502498524864,239.84304408959,17.275666743575982,0,0,64,51
outcome-lag-64,14,safe,4,512,140.0,0.0,0.0,0.0,1783.75,6.751543033509698,258.43363790712925,0.21272028147663863,284.9077971581702,3.4561359043410507,257.41719974551404,1.1248823818683162,99.15443559348066,11.715304101374569,0,0,64,43
outcome-lag-64,15,completed,4,512,13.357421875,0.8981402361485997,311.9609375,18.09479118693991,1669.375,26.13785568863674,543.4461598427251,14.053444267683776,602.5866967718717,13.827140895164606,541.0906157154502,14.293857745732847,208.74951283328505,6.111094833533978,82,68,64,45
outcome-lag-64,15,intersection,4,512,9.8359375,0.9090071206060489,326.53125,3.671664444317681,1667.3125,26.073114345368616,554.4964036806227,2.064523122063524,612.0096961833773,0.7026499945251745,551.7910864988403,2.04392294591748,217.74517567342903,7.07323107056643,0,0,64,45
outcome-lag-64,15,known,4,512,0.0,0.0,240.0,0.0,1657.625,24.886827171551353,471.14134286242466,1.6113746477013295,530.6111216102121,0.39384548855317775,470.1537581806574,1.451293325263395,208.46622834978965,6.4457359383819055,0,0,64,45
outcome-lag-64,15,plugin,4,512,7.998046875,2.889205556614551,224.9921875,6.8057293858893875,1670.0,24.760519649905035,464.81987521274897,4.793340311114228,522.517371239336,4.677669059640278,463.83229053098165,4.519393958108749,196.62723402540053,6.420576330820638,0,0,64,45
outcome-lag-64,15,prefix,4,512,10.580078125,0.7883369962944543,333.4765625,3.329005165304644,1668.1875,25.269691166824074,559.8317242136574,3.674881587562581,617.252407919946,4.23831502783441,557.0334601505971,3.7680525747836366,218.03582856338582,6.8244828919797,0,0,64,45
outcome-lag-64,15,product,4,512,0.0,0.0,240.0,0.0,1657.625,24.886827171551353,471.14134286242466,1.6113746477013295,530.6111216102121,0.39384548855317775,470.1537581806574,1.451293325263395,208.46622834978965,6.4457359383819055,0,0,64,45
outcome-lag-64,15,safe,4,512,132.0,0.0,0.0,0.0,1792.5,13.674794331177344,258.4296825993764,0.09889859083902144,283.7985184149195,0.9996001343218784,257.44209791760915,0.4911817846371188,97.67486053614493,3.1000223349429725,0,0,64,42
outcome-lag-64,16,completed,4,512,6.220703125,4.59838633222042,327.5703125,6.408072657382379,1645.8125,15.089144828871737,564.8672043995706,4.087776079960728,634.2130255141166,7.61630495523474,563.6671620600686,4.717678719887165,238.46278868117628,13.64118911559172,65,59,64,45
outcome-lag-64,16,intersection,4,512,2.59765625,3.170460352639069,337.484375,1.811691630079468,1645.625,13.941096322264855,573.1333900304705,1.9500162919538233,639.8668856602119,3.399749834454825,571.7868051638641,1.7994648145830048,244.71884678475575,8.799590588715702,0,0,64,45
outcome-lag-64,16,known,4,512,0.0,0.0,336.0,0.0,1647.0,15.371781505950008,571.632081943727,1.3890338191631257,639.9801015157839,4.290251819886523,570.4372559602277,1.6182098988463391,244.39518882796776,11.838612758584956,0,0,64,45
outcome-lag-64,16,plugin,4,512,13.697265625,13.92837860011207,295.9453125,35.05318109041306,1661.1875,29.72539248409234,547.7961772994003,21.077603388361485,612.0387423885694,29.95897287599574,546.5705356790223,21.874812564251517,225.7537696404533,26.63768621835786,0,0,64,45
outcome-lag-64,16,prefix,4,512,2.54296875,3.082454521790427,337.453125,1.761402583880244,1645.9375,14.025831823222939,573.0863610787919,1.9394531842028477,639.7044319598849,3.718321627034465,571.7369846928094,1.8195972604150534,244.62794966251656,8.978464918972364,0,0,64,45
outcome-lag-64,16,product,4,512,0.0,0.0,336.0,0.0,1647.0,15.371781505950008,571.632081943727,1.3890338191631257,639.9801015157839,4.290251819886523,570.4372559602277,1.6182098988463391,244.39518882796776,11.838612758584956,0,0,64,45
outcome-lag-64,16,safe,4,512,140.0,0.0,0.0,0.0,1791.0,14.65150731722394,258.42020691028415,0.15994335110352495,287.13511907159295,1.3313742489867593,257.251954902305,0.9545203416712157,103.65800068059721,4.209157106182433,0,0,64,43
outcome-lag-64,17,completed,4,512,3.828125,3.90625,312.34375,7.8125,1637.4375,18.82526560237597,564.72831482544,5.725085477183299,633.6099280316209,6.193533245402106,563.66489655999,6.611051005342483,243.58635768124626,15.714050931463557,51,49,64,46
outcome-lag-64,17,intersection,4,512,0.0,0.0,320.0,0.0,1633.3125,11.687555703967076,572.6869638053753,2.337871715483,639.4178060224838,3.369928196115354,571.6235455399253,3.089388858093099,254.1056414295478,13.721067056813643,0,0,64,46
outcome-lag-64,17,known,4,512,0.0,0.0,320.0,0.0,1630.75,15.35822255340767,570.5404011372187,2.8594089161595093,638.8040443365483,1.8087931600101719,569.4769828717688,3.02821026974055,250.06297594878393,9.23274938736754,0,0,64,46
outcome-lag-64,17,plugin,4,512,17.013671875,11.571580005621419,277.1484375,32.78480353912401,1646.0,27.446159415602516,535.2453337394081,44.7898380069429,598.5998259219089,46.25238309481446,534.1815770180697,45.11908587666539,226.3507742450869,20.951887280379008,0,0,64,46
outcome-lag-64,17,prefix,4,512,0.0,0.0,320.0,0.0,1633.375,13.298652813975808,572.956218062582,2.5308471691740215,639.6014273999085,3.4548128694959153,571.892799797132,3.2850343132075217,254.35422747477503,13.911879193135153,0,0,64,46
outcome-lag-64,17,product,4,512,0.0,0.0,320.0,0.0,1630.75,15.35822255340767,570.5404011372187,2.8594089161595093,638.8040443365483,1.8087931600101719,569.4769828717688,3.02821026974055,250.06297594878393,9.23274938736754,0,0,64,46
outcome-lag-64,17,safe,4,512,160.0,0.0,0.0,0.0,1789.75,14.430869689661812,258.45567834159436,0.14559109657597047,283.7873041387385,2.1145952007982824,257.39226007614434,1.1285861417617025,98.91086776197523,6.959090102376702,0,0,64,44
outcome-lag-64,18,completed,4,512,14.37890625,3.926445515422241,285.1953125,34.375281130479195,1760.5,21.500968970413094,500.09876346224235,22.46665863532439,519.5402228160182,19.633314145359883,491.39228489337927,20.943275486013846,134.36773639415475,7.837734998213457,93,93,64,43
outcome-lag-64,18,intersection,4,512,14.59423828125,2.839149358719214,289.494140625,16.532759233987452,1763.125,18.950043975322767,507.01937909918126,9.791678372545201,524.1911638455467,8.592321894804371,496.31988715012574,9.764014377219228,141.08881859171146,5.364210485076729,0,0,64,43
outcome-lag-64,18,known,4,512,0.0,0.0,200.0,0.0,1747.0625,19.94510696052209,417.0442390032535,8.56636522111495,438.6252895165836,10.130222859438879,410.72149680645026,8.24361302252928,121.21478884026436,7.802279705297938,0,0,64,43
outcome-lag-64,18,plugin,4,512,1.02685546875,0.46914418918209655,199.568359375,2.037274469480584,1748.75,20.740459654179958,419.0700424677903,8.72022114041562,440.45544193769285,10.330780245721707,412.5853331040696,8.296893841468437,121.3984896911935,7.508120305318851,0,0,64,43
outcome-lag-64,18,prefix,4,512,21.12890625,2.622727636707185,288.3125,24.890226933676114,1770.1875,21.564220945816707,513.0775025960319,14.016679328054884,527.7844940201816,12.612600293884018,500.0578271859237,14.018965790447062,143.42213229638276,3.810085274290777,0,0,64,43
outcome-lag-64,18,product,4,512,34.0,0.0,0.0,0.0,1789.0,20.0,258.4885877882166,0.069036701104615,283.29822803322486,3.1828879498161347,257.01476175044394,1.133958450998139,97.94369969615269,7.948332522382624,0,0,64,43
outcome-lag-64,18,safe,4,512,34.0,0.0,0.0,0.0,1789.0,20.0,258.4885877882166,0.069036701104615,283.29822803322486,3.1828879498161347,257.01476175044394,1.133958450998139,97.94369969615269,7.948332522382624,0,0,64,43
outcome-lag-64,19,completed,4,512,19.1279296875,4.867422229868533,262.14453125,25.34318685474317,1682.4375,14.389485455243584,521.4601087031544,20.240205616217544,552.4682353688563,25.01035006147302,517.0065476972504,21.37991131436286,160.3322628469445,12.404022137498822,51,51,64,40
outcome-lag-64,19,intersection,4,512,18.0810546875,4.7443507548324835,255.77734375,26.940612660337234,1683.0,14.695520859545379,519.1354473717521,24.41117898135139,549.4279713386167,28.996374080318645,513.9467533493545,24.825957246836584,165.43507040084273,13.434210922562904,0,0,64,40
outcome-lag-64,19,known,4,512,0.0,0.0,168.0,0.0,1666.125,12.971924812198587,431.49007200144115,8.01006264485612,465.19190681316695,12.827952810085907,429.3481854854282,8.438619229428301,149.03151794822557,9.66916663204371,0,0,64,40
outcome-lag-64,19,plugin,4,512,3.4267578125,1.9043416127223507,159.10546875,2.792670985001411,1668.3125,12.78243423609134,427.6538625597607,8.326748472106729,460.6631966891356,12.912226968257231,425.42038699510425,8.482851457175062,146.34869690344544,9.699592349917616,0,0,64,40
outcome-lag-64,19,prefix,4,512,35.4443359375,3.062367754306124,266.77734375,26.14199748277325,1699.9375,11.562105849137806,530.6285824540422,17.260032232717123,557.6344792747904,21.82041806150702,523.1450021396965,18.266458158822886,167.22821270481063,12.557678224026262,0,0,64,40
outcome-lag-64,19,product,4,512,0.0,0.0,168.0,0.0,1666.125,12.971924812198587,431.49007200144115,8.01006264485612,465.19190681316695,12.827952810085907,429.3481854854282,8.438619229428301,149.03151794822557,9.66916663204371,0,0,64,40
outcome-lag-64,19,safe,4,512,134.0,0.0,0.0,0.0,1791.0,11.832159566199232,258.4396041921211,0.13074645561323392,281.9274153435165,3.8841282783422275,256.83413236018714,1.4856395744899653,97.9228579487569,3.967273351160193,0,0,64,40
outcome-lag-64,20,completed,4,512,23.29833984375,6.308331992562008,205.802734375,32.64504728038354,1568.6875,8.924159624300767,521.7278485006508,19.729309297073023,566.2951644282805,20.974478018181927,517.9930972717556,19.473044945245537,197.4341607383288,9.70223644520324,39,39,64,41
outcome-lag-64,20,intersection,4,512,27.2412109375,6.660738629993418,205.32421875,41.87479618459417,1576.5,8.645808232895291,520.8250132877633,25.861308370168615,564.8545918172711,28.130563201209483,516.9146695438294,26.263439624294183,201.66226268991824,10.340453523519729,0,0,64,41
outcome-lag-64,20,known,4,512,0.0,0.0,108.0,0.0,1550.625,13.736356867816154,432.9175001018931,2.972312819696318,481.0381583369353,6.023075852895212,431.9409945862459,2.660591111772683,183.44870366900608,9.359875602743232,0,0,64,41
outcome-lag-64,20,plugin,4,512,5.91796875,5.3411044883770735,118.7109375,13.738179992933167,1554.75,13.205112646244256,445.8214430237454,17.048897306594466,493.3636137711021,18.999802651154326,444.836991711063,16.672175277316214,185.5544062484592,8.807739155657542,0,0,64,41
outcome-lag-64,20,prefix,4,512,51.255859375,4.0094895649511075,213.8359375,39.29332996352429,1602.6875,10.425079935744698,529.8081179840326,20.749762305389385,569.0014472167411,25.010518844776993,523.4670982072421,21.45839361943982,202.0824187375038,9.21195298510305,0,0,64,41
outcome-lag-64,20,product,4,512,0.0,0.0,108.0,0.0,1550.625,13.736356867816154,432.9175001018931,2.972312819696318,481.0381583369353,6.023075852895212,431.9409945862459,2.660591111772683,183.44870366900608,9.359875602743232,0,0,64,41
outcome-lag-64,20,safe,4,512,237.0,0.0,0.0,0.0,1787.75,3.4034296427770228,258.50521596435834,0.06431813413056424,283.5854015226159,3.2064571241357234,257.52871044871114,0.5278615688140214,99.20174268365676,7.235068645339618,0,0,64,41
outcome-lag-64,21,completed,4,512,5.75439453125,0.6486833098819242,363.470703125,9.018344691512677,1759.375,13.232693099542008,559.7189492953903,4.374976337094613,589.1842125367508,5.90199431027552,553.0215406160298,4.973568192274407,166.68138842070965,5.4602034418852075,71,71,64,42
outcome-lag-64,21,intersection,4,512,8.0283203125,2.2178755635474365,383.03515625,1.1385629906130579,1761.5,9.645810835106952,572.8193398167573,3.558902801225011,601.2526207176251,3.641562662577351,564.8445911768866,2.790668434104491,175.14918788802774,5.670220361874511,0,0,64,42
outcome-lag-64,21,known,4,512,0.0,0.0,368.0,0.0,1750.125,10.37725879025863,561.3958386964681,1.800323666527407,590.8439254408605,2.1429175806371528,555.0159848612219,1.5910710867388225,169.62330361951618,6.570982343021829,0,0,64,42
outcome-lag-64,21,plugin,4,512,8.6904296875,4.672752000365237,276.25390625,55.90899620752991,1758.0625,13.354735427305677,498.0998015435742,53.19752592659783,524.0695016756429,54.387946685203566,491.9913154577481,54.28608726852035,144.87345704843588,9.633258414237858,0,0,64,42
outcome-lag-64,21,prefix,4,512,12.0888671875,0.49507898387701,389.48828125,2.0330370744513613,1764.0625,9.691867295143215,578.5237211311189,2.8703127021979444,606.0364173661463,3.5146805701007127,569.7924347655546,2.673960268618364,180.98387401123802,7.314493380689904,0,0,64,42
outcome-lag-64,21,product,4,512,70.0,0.0,408.0,0.0,1815.1875,7.914583059138365,502.5377498740422,1.982723313909117,549.3300874465181,3.270882700853364,499.2397128793733,1.2195252508253118,190.9653724168748,5.19736930497141,0,0,64,42
outcome-lag-64,21,safe,4,512,48.0,0.0,0.0,0.0,1788.75,8.421203397773187,258.53390268745443,0.07291348667877355,285.6716592189142,1.7945891169318182,257.3544662455821,0.7319215007414925,102.73348431121282,6.263170377944541,0,0,64,42
outcome-lag-64,22,completed,4,512,12.248046875,3.052228036689875,328.0078125,9.406626342139088,1655.625,16.493054093567185,573.6630057608205,5.014427782592049,614.7257837904998,3.6830138816547797,570.9451759929959,3.9933308268751433,192.8414613746367,11.898276152147348,73,73,64,42
outcome-lag-64,22,intersection,4,512,17.47265625,6.3984375,345.984375,3.65625,1656.9375,13.921468732381173,582.9856169993367,2.6164129545027954,624.62604383341,2.6834585536717706,580.7136258274835,1.9247990270951982,199.60758813889902,7.548735753871124,0,0,64,42
outcome-lag-64,22,known,4,512,0.0,0.0,336.0,0.0,1643.5625,13.508292206394312,580.4752576035837,0.35800180917430163,622.002261806478,3.1881370283652264,577.9446834521242,1.0735910250496652,194.4894548049075,5.475143128357339,0,0,64,42
outcome-lag-64,22,plugin,4,512,13.9599609375,3.1857161173875306,209.12109375,54.89387899994093,1659.5625,10.41308271678789,480.2674099927102,53.13046963983863,516.54490825086,51.79849499344875,478.32084857769524,51.786833331394334,161.80595123389455,14.445639380995694,0,0,64,42
outcome-lag-64,22,prefix,4,512,25.51171875,2.4018959186247537,350.578125,1.3725119534998593,1665.1875,15.644987216357832,587.0559197931323,1.9210155662378456,627.9988515963691,2.676807330958939,584.5042591087915,1.6812654678610823,203.45151986282718,6.76953842885795,0,0,64,42
outcome-lag-64,22,product,4,512,168.0,0.0,432.0,0.0,1812.9375,15.652974956857243,534.8428426159556,1.6897618751799173,578.2179236494383,2.4835387570412606,531.612195481419,1.8055551571646264,192.74057929453443,5.424647939965503,0,0,64,42
outcome-lag-64,22,safe,4,512,148.0,0.0,0.0,0.0,1795.25,2.6299556396765835,258.3787262709722,0.10869698216751934,281.47337994034933,2.5614733764047646,256.8625895401135,0.9501326498012876,96.29334432061493,4.871013605870445,0,0,64,42
outcome-lag-64,23,completed,4,512,20.7734375,6.537896432520921,273.125,7.574123728882218,1552.25,21.762927192820364,573.6789944149158,5.900608671076392,626.6697788689479,7.89356644734225,571.3306311990807,6.049012607818148,218.44175319537177,14.867478743412825,72,72,64,43
outcome-lag-64,23,intersection,4,512,26.8857421875,9.239042028994424,291.36328125,5.279452587996813,1559.6875,24.83812174192458,582.7917025194116,3.0697312060662694,636.0508193546582,4.111174403163102,580.7323602741006,2.2652563391781433,230.74839370880574,14.19583320932171,0,0,64,43
outcome-lag-64,23,known,4,512,0.0,0.0,276.0,0.0,1533.4375,18.364793083506278,580.9722356300606,0.8530637692340768,634.8347186096678,5.705315466828985,578.7503736482524,2.49311718079994,229.34403346117585,14.96846410243258,0,0,64,43
outcome-lag-64,23,plugin,4,512,14.4814453125,3.416225559944193,156.04296875,54.191367627677316,1552.625,12.963892162464173,484.74020044737154,55.18495950420799,533.8207388302893,56.172072543615016,482.70086810822085,53.4400086928452,193.63406583056232,14.282215653274186,0,0,64,43
outcome-lag-64,23,prefix,4,512,38.5751953125,0.49741330207653506,298.04296875,0.2842361726151629,1570.1875,20.063830433560454,586.0782019826099,2.211883314477954,638.915706336753,4.992024309744175,584.0347877560525,1.0541716742790155,233.02376807588178,11.940992762540422,0,0,64,43
outcome-lag-64,23,product,4,512,0.0,0.0,276.0,0.0,1533.4375,18.364793083506278,580.9722356300606,0.8530637692340768,634.8347186096678,5.705315466828985,578.7503736482524,2.49311718079994,229.34403346117585,14.96846410243258,0,0,64,43
outcome-lag-64,23,safe,4,512,251.0,0.0,0.0,0.0,1794.75,4.645786621588785,258.265398788144,0.20100494736908914,282.8664498179751,3.91002807713247,256.58765027078147,1.7666327055524145,100.88644212068249,11.773992950057936,0,0,64,43
outcome-lag-64,24,completed,4,512,10.69091796875,4.882201101044908,315.724609375,19.90893715408091,1718.5625,24.202595418673592,550.5392175130905,12.829731833582569,586.7304843412538,13.272560247973058,543.4121398470111,13.850707639323026,167.86572345900936,13.098792816973969,198,198,64,45
outcome-lag-64,24,intersection,4,512,4.7333984375,0.5585129330377612,352.79296875,3.2653789032071634,1709.0625,17.919234312138823,572.3092748718103,2.5614626839289243,608.65565463329,3.8485911874864396,564.4308884532812,3.668905702587421,185.09626753316937,9.801787630669127,0,0,64,45
outcome-lag-64,24,known,4,512,0.0,0.0,340.0,0.0,1709.1875,21.944413677896858,566.3614088822949,1.4254564616754695,602.7161507213126,2.248672917947712,559.3566795695103,2.622823849459326,177.78011964825936,8.7653791177685,0,0,64,45
outcome-lag-64,24,plugin,4,512,17.5625,21.105940728844075,291.9765625,60.96506521305699,1729.4375,37.7405479336659,520.4107351227572,67.53112395623751,551.2688989744717,76.48317508299758,513.4073804222469,67.83471052629842,150.9109151367245,33.0493116314404,0,0,64,45
outcome-lag-64,24,prefix,4,512,10.1484375,0.3403260765485158,361.40625,4.374772129482384,1715.4375,14.219081955831982,580.7998649085531,3.4462049393473633,616.3023253933742,5.078167752840621,572.9863402627504,4.920692764011204,198.5043525992997,9.851368571254355,0,0,64,48
outcome-lag-64,24,product,4,512,56.0,0.0,372.0,0.0,1756.3125,8.446831259906482,507.3668596422748,0.36868913123616004,578.5286349792596,1.6699380072181806,505.6074371340998,1.3066303205677823,228.97875520291203,8.732402897608122,0,0,64,55
outcome-lag-64,24,safe,4,512,83.0,0.0,0.0,0.0,1786.25,3.2015621187164243,258.3009955119767,0.2144037066838112,281.5378382919208,0.5554474560299089,256.5415730038018,1.2937029088792347,89.20576908787261,2.9958915899289167,0,0,64,45
outcome-lag-64,25,completed,4,512,12.5615234375,4.748957603249812,302.28515625,11.04076714840325,1615.375,16.480417672700735,574.7407968216745,5.852157327493235,626.7859827472639,8.908034835495991,572.678246375841,6.843901344351433,213.08933082408566,16.146119030591905,64,64,64,43
outcome-lag-64,25,intersection,4,512,16.54296875,4.704767457875287,317.453125,2.688438547357307,1617.875,3.1457643480294792,583.7988539372974,0.6098194783138003,635.4606506151415,2.8963339139721826,581.7754805069166,1.909852460042777,228.38432801137625,8.925048905399054,0,0,64,46
outcome-lag-64,25,known,4,512,0.0,0.0,308.0,0.0,1601.8125,10.18245017992559,580.6747163346105,1.4639677807607958,633.0566113926045,2.6855926068865044,578.8058870458509,1.9556390148887695,219.3032259542964,13.48043522235611,0,0,64,43
outcome-lag-64,25,plugin,4,512,23.55908203125,18.165862672262566,242.291015625,54.07086105226426,1626.3125,25.213566949825513,524.4459559465454,64.36955788165443,570.1582677455947,70.08359030477054,522.5088755518725,64.24031796031485,187.5115299754591,25.363991258368834,0,0,64,43
outcome-lag-64,25,prefix,4,512,22.7841796875,0.5136817766789642,321.01953125,0.29353244381655097,1622.9375,7.453676385963283,586.5095361251357,1.4712103663773872,637.6782652218207,1.8277638049864422,584.3483663633275,0.8420182399391279,233.10650489096636,9.023002645675042,0,0,64,52
outcome-lag-64,25,product,4,512,154.0,0.0,396.0,0.0,1767.375,21.261761451018117,541.6173294885233,5.654975573132972,613.0123392794887,4.764364530925588,540.1837421103269,5.68618579727452,242.20111353254796,4.990233935814566,0,0,64,53
outcome-lag-64,25,safe,4,512,183.0,0.0,0.0,0.0,1789.25,13.865424623862047,258.31887639019646,0.21515779195501664,284.9869366411672,1.6136048753741525,256.9271020636937,1.126587588685529,103.12526420310307,6.765923852292865,0,0,64,43
outcome-lag-64,26,completed,4,512,22.123046875,3.0418051770867183,244.5703125,6.114008792570141,1536.0625,20.262213395053035,574.0667165099802,4.038245368976305,637.052104458186,4.594925000825343,572.5268744498637,3.758851303019914,234.62903361407206,10.488572116701581,87,80,64,41
outcome-lag-64,26,intersection,4,512,24.1171875,6.54196004351429,261.78125,3.7382628820081663,1539.3125,23.141210534455624,583.7990824892859,1.733934157411381,646.7459715064628,1.9244841569381683,582.271211896887,1.14892728239938,249.811391708551,8.649014726120992,0,0,64,41
outcome-lag-64,26,known,4,512,0.0,0.0,248.0,0.0,1515.875,22.35182692011252,581.3997329112815,0.7668172287401156,645.8784859388679,1.2480425837162286,579.8715201130617,1.3745539997922511,243.42769435566024,8.974052939837014,0,0,64,41
outcome-lag-64,26,plugin,4,512,17.53759765625,7.561989233670309,211.322265625,25.05537192687839,1535.75,17.255433926737396,556.3304432066698,23.135093389180636,616.152089546967,27.48644849632456,554.8020505290276,23.437061116190936,222.13447929560536,9.681023757035717,0,0,64,41
outcome-lag-64,26,prefix,4,512,37.40625,1.2708226604743087,269.375,0.7261843774138906,1551.125,23.8873223000542,586.873156924263,0.7445010465909201,648.3557763554688,2.118558666419355,585.3452863318641,1.1718912386742228,253.6404524575293,7.691894729625569,0,0,64,48
outcome-lag-64,26,product,4,512,252.0,0.0,392.0,0.0,1762.8125,18.120401715561755,537.8084960126316,4.171783299478846,611.8435557022506,4.919954431205606,536.2806254202327,3.995467059827365,240.98881910732769,6.499762442201074,0,0,64,51
outcome-lag-64,26,safe,4,512,286.0,0.0,0.0,0.0,1794.5,5.446711546122731,258.5112142488016,0.06379332269032024,284.909815713012,1.367264719695106,256.98334365640267,0.7725412523419503,98.86415571164804,5.283993393534381,0,0,64,41
single-blocker,0,completed,4,512,9.08349609375,1.692527064863487,284.779296875,15.796919272059212,1765.5,8.233569497287714,860.75,24.171263930543642,428.0445296448624,13.542117443175941,428.0445296448624,13.542117443175941,17.924659436149867,0.27817904458508663,0,0,511,1
single-blocker,0,intersection,4,512,9.486328125,1.6574541429070802,288.5390625,15.469572000466082,1766.125,8.422440263961509,867.0,22.67156809750927,431.6486386920345,12.352699872447785,431.6486386920345,12.352699872447785,17.999333603482057,0.24649606392447343,0,0,511,1
single-blocker,0,known,4,512,0.0,0.0,200.0,0.0,1755.0625,11.683990114682569,764.0,5.354126134736337,355.09726093617326,1.7960937587738028,355.09726093617326,1.7960937587738028,12.919052450618423,0.021318467279820123,0,0,511,1
single-blocker,0,plugin,4,512,1.146484375,1.3777207708016082,201.9765625,2.1574291009256443,1756.875,10.817616804700254,766.5,7.187952884282608,358.7436348062439,1.2396381144981923,358.7436348062439,1.2396381144981923,14.684906343621726,0.5106290068480557,0,0,511,1
single-blocker,0,prefix,4,512,24.0,0.0,424.0,0.0,1784.4375,11.104381642697025,1024.0,0.0,498.7285190242933,0.08649186799574822,498.7285190242933,0.08649186799574822,19.038055752203157,0.0020253367026421658,0,0,511,1
single-blocker,0,product,4,512,34.0,0.0,0.0,0.0,1788.0,5.354126134736337,512.0,0.0,213.40675252840046,0.0,213.40675252840046,0.0,6.81456340954972,0.0,0,0,511,1
single-blocker,0,safe,4,512,34.0,0.0,0.0,0.0,1788.0,5.354126134736337,512.0,0.0,213.40675252840046,0.0,213.40675252840046,0.0,6.81456340954972,0.0,0,0,511,1
single-blocker,1,completed,4,512,1.14404296875,0.17774778881387712,378.677734375,1.658979362262853,1753.5625,12.094032619436744,1006.25,4.193248541803041,492.96283707334874,1.9736064840923806,492.96283707334874,1.9736064840923806,18.97150576716197,0.030354373101652666,0,0,511,1
single-blocker,1,intersection,4,512,1.21435546875,0.20601765810643552,379.333984375,1.9228314756600648,1753.6875,12.075069012915275,1006.75,3.2015621187164243,493.1192120277375,1.6617260597361216,493.1192120277375,1.6617260597361216,18.97323887462064,0.026893243672245003,0,0,511,1
single-blocker,1,known,4,512,0.0,0.0,368.0,0.0,1752.5625,11.295970889362868,996.0,5.41602560309064,489.63468179670565,2.302478619695819,489.63468179670565,2.302478619695819,18.93323171275971,0.033383567431063445,0,0,511,1
single-blocker,1,plugin,4,512,7.1396484375,7.734099206599065,286.77734375,94.45989957525325,1759.25,7.260050504874834,885.25,125.20749445087809,426.5154564353787,71.84011820243943,426.5154564353787,71.84011820243943,17.05957099719173,2.236659720063402,0,0,511,1
single-blocker,1,prefix,4,512,3.0,0.0,396.0,0.0,1755.5,12.31868499475492,1024.0,0.0,498.56789285708885,0.7973231515363827,498.56789285708885,0.7973231515363827,19.034244740091797,0.01875642148077071,0,0,511,1
single-blocker,1,product,4,512,70.0,0.0,408.0,0.0,1822.1875,19.932568616880932,996.0,5.41602560309064,420.15914003385836,1.3085124268083992,420.15914003385836,1.3085124268083992,13.572783189709835,0.011259397354039023,0,0,511,1
single-blocker,1,safe,4,512,48.0,0.0,0.0,0.0,1798.75,9.17877987534291,512.0,0.0,213.40675252840046,0.0,213.40675252840046,0.0,6.81456340954972,0.0,0,0,511,1
single-blocker,2,completed,4,512,1.26025390625,0.6230629467460813,350.564453125,6.844761789624656,1703.1875,38.51805583099957,1001.0,10.03327796219494,491.403790908082,3.667313747798858,491.403790908082,3.667313747798858,18.955382118459404,0.047214634832524145,0,0,511,1
single-blocker,2,intersection,4,512,1.2392578125,0.7078859000642446,351.56640625,6.606935067266282,1703.1875,38.131556813222296,1002.25,9.742518497116988,491.80251918300723,3.589179796171249,491.80251918300723,3.589179796171249,18.959872498065113,0.0465327244082456,0,0,511,1
single-blocker,2,known,4,512,0.0,0.0,340.0,0.0,1700.75,38.456143852445734,986.25,7.632168761236874,486.3980330234962,2.718786908732629,486.3980330234962,2.718786908732629,18.895229147193167,0.03430687929873935,0,0,511,1
single-blocker,2,plugin,4,512,12.548828125,24.05109281112487,307.796875,71.0725910019592,1709.25,51.42834821380131,938.0,108.28665661105249,456.6550467767906,63.76747404220522,456.6550467767906,63.76747404220522,17.80548140290092,2.2343352347331176,0,0,511,1
single-blocker,2,prefix,4,512,3.0,0.0,368.0,0.0,1705.1875,39.96632697242351,1024.0,0.0,498.7436831521858,0.6269022828083562,498.7436831521858,0.6269022828083562,19.038381713824354,0.014672534208917612,0,0,511,1
single-blocker,2,product,4,512,56.0,0.0,372.0,0.0,1750.4375,28.978709857410838,986.25,7.632168761236874,417.7946959472236,1.8534695028139914,417.7946959472236,1.8534695028139914,13.552362335362512,0.016030026914439634,0,0,511,1
single-blocker,2,safe,4,512,83.0,0.0,0.0,0.0,1782.75,19.05037182489273,512.0,0.0,213.40675252840046,0.0,213.40675252840046,0.0,6.81456340954972,0.0,0,0,511,1
single-blocker,3,completed,4,512,10.0283203125,2.384674445431359,261.59765625,22.256961490692685,1664.6875,13.93343550600497,909.25,22.020823478395776,450.0737092562891,11.225559826651144,450.0737092562891,11.225559826651144,18.30198173503221,0.20453246958755475,0,0,511,1
single-blocker,3,intersection,4,512,10.25390625,2.4002611018248814,263.703125,22.40243695036556,1664.9375,14.189748353418159,911.5,22.825424421026653,451.22373442277205,11.411310410762413,451.22373442277205,11.411310410762413,18.322697659194596,0.20452411825219502,0,0,511,1
single-blocker,3,known,4,512,0.0,0.0,168.0,0.0,1654.25,10.855106325289189,800.0,9.899494936611665,366.74423995139057,3.1203840149028896,366.74423995139057,3.1203840149028896,13.052550562946092,0.034854060732137336,0,0,511,1
single-blocker,3,plugin,4,512,0.4892578125,0.2174820254560923,171.75390625,2.387256784350415,1655.0,11.081140133879124,803.0,10.23067283548187,370.0866590859771,3.4340348399797174,370.0866590859771,3.4340348399797174,14.696623550769079,0.2975724692726321,0,0,511,1
single-blocker,3,prefix,4,512,21.0,0.0,364.0,0.0,1676.1875,13.585186478906598,1024.0,0.0,498.74606520946827,0.3795870137467324,498.74606520946827,0.3795870137467324,19.038456239519927,0.008879244700800773,0,0,511,1
single-blocker,3,product,4,512,0.0,0.0,168.0,0.0,1654.25,10.855106325289189,800.0,9.899494936611665,366.74423995139057,3.1203840149028896,366.74423995139057,3.1203840149028896,13.052550562946092,0.034854060732137336,0,0,511,1
single-blocker,3,safe,4,512,134.0,0.0,0.0,0.0,1794.25,9.604686356149273,512.0,0.0,213.40675252840046,0.0,213.40675252840046,0.0,6.81456340954972,0.0,0,0,511,1
single-blocker,4,completed,4,512,0.0,0.0,336.0,0.0,1642.9375,11.132488116619154,1024.0,0.0,498.4580037244564,0.6988536247201048,498.4580037244564,0.6988536247201048,19.03167856085544,0.016377055961254168,0,0,511,1
single-blocker,4,intersection,4,512,0.0,0.0,336.0,0.0,1642.9375,11.132488116619154,1024.0,0.0,498.4580037244564,0.6988536247201048,498.4580037244564,0.6988536247201048,19.03167856085544,0.016377055961254168,0,0,511,1
single-blocker,4,known,4,512,0.0,0.0,336.0,0.0,1642.9375,11.132488116619154,1024.0,0.0,498.4580037244564,0.6988536247201048,498.4580037244564,0.6988536247201048,19.03167856085544,0.016377055961254168,0,0,511,1
single-blocker,4,plugin,4,512,10.62890625,5.971098911992405,213.609375,81.96214053127669,1659.5625,19.316848216000455,859.0,111.40915581764364,403.19214751356134,63.542639553722296,403.19214751356134,63.542639553722296,16.08402857105571,2.0200398168848985,0,0,511,1
single-blocker,4,prefix,4,512,0.0,0.0,336.0,0.0,1642.9375,11.132488116619154,1024.0,0.0,498.4580037244564,0.6988536247201048,498.4580037244564,0.6988536247201048,19.03167856085544,0.016377055961254168,0,0,511,1
single-blocker,4,product,4,512,0.0,0.0,336.0,0.0,1642.9375,11.132488116619154,1024.0,0.0,498.4580037244564,0.6988536247201048,498.4580037244564,0.6988536247201048,19.03167856085544,0.016377055961254168,0,0,511,1
single-blocker,4,safe,4,512,148.0,0.0,0.0,0.0,1798.5,20.55075018906447,512.0,0.0,213.40675252840046,0.0,213.40675252840046,0.0,6.81456340954972,0.0,0,0,511,1
single-blocker,5,completed,4,512,0.0,0.0,308.0,0.0,1631.4375,28.234416793457353,1024.0,0.0,498.7909544991227,0.24178810565274386,498.7909544991227,0.24178810565274386,19.039513293293087,0.005660953063687181,0,0,511,1
single-blocker,5,intersection,4,512,0.0,0.0,308.0,0.0,1631.4375,28.234416793457353,1024.0,0.0,498.7909544991227,0.24178810565274386,498.7909544991227,0.24178810565274386,19.039513293293087,0.005660953063687181,0,0,511,1
single-blocker,5,known,4,512,0.0,0.0,308.0,0.0,1631.4375,28.234416793457353,1024.0,0.0,498.7909544991227,0.24178810565274386,498.7909544991227,0.24178810565274386,19.039513293293087,0.005660953063687181,0,0,511,1
single-blocker,5,plugin,4,512,23.9130859375,27.603480016457375,238.91796875,79.67189096003142,1651.4375,45.197425719466224,914.0,127.18490476467717,435.1527688812082,73.60537796587404,435.1527688812082,73.60537796587404,17.086937996298232,2.2569514964379644,0,0,511,1
single-blocker,5,prefix,4,512,0.0,0.0,308.0,0.0,1631.4375,28.234416793457353,1024.0,0.0,498.7909544991227,0.24178810565274386,498.7909544991227,0.24178810565274386,19.039513293293087,0.005660953063687181,0,0,511,1
single-blocker,5,product,4,512,154.0,0.0,396.0,0.0,1769.1875,16.850290551401976,1024.0,0.0,450.5684975726281,2.680216706612613,450.5684975726281,2.680216706612613,17.56368934193907,0.11623307691482161,0,0,511,1
single-blocker,5,safe,4,512,183.0,0.0,0.0,0.0,1792.5,4.203173404306164,512.0,0.0,213.40675252840046,0.0,213.40675252840046,0.0,6.81456340954972,0.0,0,0,511,1
single-blocker,6,completed,4,512,9.30029296875,2.2795673592319834,194.802734375,21.27596201949851,1568.0625,21.387666812129524,900.0,27.386127875258307,444.4899064225062,12.673738789976092,444.4899064225062,12.673738789976092,18.191090083284564,0.22186427227637645,0,0,511,1
single-blocker,6,intersection,4,512,9.4951171875,2.187200907287186,196.62109375,20.413875134680406,1568.25,21.49709282670566,902.0,27.215191835933595,445.6215782199507,12.37980028291324,445.6215782199507,12.37980028291324,18.213488531586236,0.21299765999870574,0,0,511,1
single-blocker,6,known,4,512,0.0,0.0,108.0,0.0,1557.9375,19.943017784009854,803.25,14.38459824488215,367.73778237914155,4.494338317621255,367.73778237914155,4.494338317621255,13.063317999241457,0.04977497085457285,0,0,511,1
single-blocker,6,plugin,4,512,0.87841796875,1.1071897663779109,111.896484375,2.0130027253659466,1558.875,19.969247189950185,807.25,13.30100246848585,372.0800191275996,3.375216695953422,372.0800191275996,3.375216695953422,14.944887658658498,0.42620894533990217,0,0,511,1
single-blocker,6,prefix,4,512,21.0,0.0,304.0,0.0,1577.1875,23.704232217053562,1024.0,0.0,498.54436301686553,0.6519734892705268,498.54436301686553,0.6519734892705268,19.03370918970259,0.01528648740990361,0,0,511,1
single-blocker,6,product,4,512,0.0,0.0,108.0,0.0,1557.9375,19.943017784009854,803.25,14.38459824488215,367.73778237914155,4.494338317621255,367.73778237914155,4.494338317621255,13.063317999241457,0.04977497085457285,0,0,511,1
single-blocker,6,safe,4,512,237.0,0.0,0.0,0.0,1793.25,12.203141671990318,512.0,0.0,213.40675252840046,0.0,213.40675252840046,0.0,6.81456340954972,0.0,0,0,511,1
single-blocker,7,completed,4,512,0.0,0.0,276.0,0.0,1547.3125,16.60493776963146,1024.0,0.0,499.01278043448195,0.2870516578381876,499.01278043448195,0.2870516578381876,19.044697310254307,0.006709443051945853,0,0,511,1
single-blocker,7,intersection,4,512,0.0,0.0,276.0,0.0,1547.3125,16.60493776963146,1024.0,0.0,499.01278043448195,0.2870516578381876,499.01278043448195,0.2870516578381876,19.044697310254307,0.006709443051945853,0,0,511,1
single-blocker,7,known,4,512,0.0,0.0,276.0,0.0,1547.3125,16.60493776963146,1024.0,0.0,499.01278043448195,0.2870516578381876,499.01278043448195,0.2870516578381876,19.044697310254307,0.006709443051945853,0,0,511,1
single-blocker,7,plugin,4,512,10.5,6.663838867632983,154.8984375,80.96366261918702,1561.4375,8.337603072826147,853.0,114.02046599916467,402.0234321765227,64.44164625633384,402.0234321765227,64.44164625633384,16.149149143149984,2.007940835836809,0,0,511,1
single-blocker,7,prefix,4,512,0.0,0.0,276.0,0.0,1547.3125,16.60493776963146,1024.0,0.0,499.01278043448195,0.2870516578381876,499.01278043448195,0.2870516578381876,19.044697310254307,0.006709443051945853,0,0,511,1
single-blocker,7,product,4,512,0.0,0.0,276.0,0.0,1547.3125,16.60493776963146,1024.0,0.0,499.01278043448195,0.2870516578381876,499.01278043448195,0.2870516578381876,19.044697310254307,0.006709443051945853,0,0,511,1
single-blocker,7,safe,4,512,251.0,0.0,0.0,0.0,1782.5,10.115993936995679,512.0,0.0,213.40675252840046,0.0,213.40675252840046,0.0,6.81456340954972,0.0,0,0,511,1
single-blocker,8,completed,4,512,0.0,0.0,248.0,0.0,1531.5625,15.377709788305063,1024.0,0.0,498.6047288540783,0.39935982329407066,498.6047288540783,0.39935982329407066,19.03514446378699,0.0093677775529035,0,0,511,1
single-blocker,8,intersection,4,512,0.0,0.0,248.0,0.0,1531.5625,15.377709788305063,1024.0,0.0,498.6047288540783,0.39935982329407066,498.6047288540783,0.39935982329407066,19.03514446378699,0.0093677775529035,0,0,511,1
single-blocker,8,known,4,512,0.0,0.0,248.0,0.0,1531.5625,15.377709788305063,1024.0,0.0,498.6047288540783,0.39935982329407066,498.6047288540783,0.39935982329407066,19.03514446378699,0.0093677775529035,0,0,511,1
single-blocker,8,plugin,4,512,0.0,0.0,248.0,0.0,1531.5625,15.377709788305063,1024.0,0.0,498.6047288540783,0.39935982329407066,498.6047288540783,0.39935982329407066,19.03514446378699,0.0093677775529035,0,0,511,1
single-blocker,8,prefix,4,512,0.0,0.0,248.0,0.0,1531.5625,15.377709788305063,1024.0,0.0,498.6047288540783,0.39935982329407066,498.6047288540783,0.39935982329407066,19.03514446378699,0.0093677775529035,0,0,511,1
single-blocker,8,product,4,512,0.0,0.0,248.0,0.0,1531.5625,15.377709788305063,1024.0,0.0,498.6047288540783,0.39935982329407066,498.6047288540783,0.39935982329407066,19.03514446378699,0.0093677775529035,0,0,511,1
single-blocker,8,safe,4,512,286.0,0.0,0.0,0.0,1798.25,10.874281585465774,512.0,0.0,213.40675252840046,0.0,213.40675252840046,0.0,6.81456340954972,0.0,0,0,511,1
single-blocker,9,completed,4,512,12.53515625,3.3600017583933273,180.359375,45.9137091171671,1798.375,23.35995505132662,718.75,51.99599343539205,371.71853791426554,26.2922316061788,371.71853791426554,26.2922316061788,17.122034422343788,0.47823470873538654,0,0,511,1
single-blocker,9,intersection,4,512,13.43359375,3.5325892786621473,193.921875,49.604506814947435,1798.75,21.052513705810366,733.25,55.51201071239748,379.0791218963234,28.47719115202958,379.0791218963234,28.47719115202958,17.25382178237531,0.5220147134968987,0,0,511,1
single-blocker,9,known,4,512,0.0,0.0,0.0,0.0,1790.0,17.146428199482248,512.0,0.0,213.40675252840046,0.0,213.40675252840046,0.0,6.81456340954972,0.0,0,0,511,1
single-blocker,9,plugin,4,512,0.408203125,0.07611342575872647,6.2890625,1.255035430691766,1791.0625,17.64744433810932,518.75,0.9574271077563381,220.15675252840046,0.9574271077563381,220.15675252840046,0.9574271077563381,10.04373007621639,0.2836191368980863,0,0,511,1
single-blocker,9,prefix,4,512,32.0,0.0,448.0,0.0,1815.125,23.75263143316967,1024.0,0.0,488.8007242349912,0.840486523185043,488.8007242349912,0.840486523185043,18.79498154594147,0.02147827907625451,0,0,511,1
single-blocker,9,product,4,512,0.0,0.0,0.0,0.0,1790.0,17.146428199482248,512.0,0.0,213.40675252840046,0.0,213.40675252840046,0.0,6.81456340954972,0.0,0,0,511,1
single-blocker,9,safe,4,512,0.0,0.0,0.0,0.0,1790.0,17.146428199482248,512.0,0.0,213.40675252840046,0.0,213.40675252840046,0.0,6.81456340954972,0.0,0,0,511,1
single-blocker,10,completed,4,512,20.88671875,6.387028136619468,354.046875,24.083466244587107,1745.6875,29.68260924626854,953.5,32.562759915789286,466.5375323054555,15.453428787008674,466.5375323054555,15.453428787008674,18.529437258846187,0.2572863016391455,0,0,511,1
single-blocker,10,intersection,4,512,21.185546875,8.311685852106152,354.6796875,24.506554382089124,1745.4375,32.22277597704249,953.75,31.47882886428062,466.0355822808059,16.510852686903945,466.0355822808059,16.510852686903945,18.511560507696615,0.29726031838789124,0,0,511,1
single-blocker,10,known,4,512,0.0,0.0,288.0,0.0,1725.75,33.19450255689939,892.5,15.69500982265807,393.6731589482418,4.284782749873309,393.6731589482418,4.284782749873309,13.331305196355098,0.04158020088075089,0,0,511,1
single-blocker,10,plugin,4,512,55.70703125,0.36255948685755923,7.265625,1.3488276159317023,1787.125,18.91262805640718,520.5,1.0,221.90675252840046,1.0000000000000142,221.90675252840046,1.0000000000000142,10.543730076216391,0.29166666666666874,0,0,511,1
single-blocker,10,prefix,4,512,68.0,0.0,432.0,0.0,1792.9375,17.038406371097818,1024.0,0.0,488.03301577300056,0.6081124622737423,488.03301577300056,0.6081124622737423,18.775273987852103,0.015667329994936578,0,0,511,1
single-blocker,10,product,4,512,0.0,0.0,288.0,0.0,1725.75,33.19450255689939,892.5,15.69500982265807,393.6731589482418,4.284782749873309,393.6731589482418,4.284782749873309,13.331305196355098,0.04158020088075089,0,0,511,1
single-blocker,10,safe,4,512,56.0,0.0,0.0,0.0,1786.75,16.958282145704892,512.0,0.0,213.40675252840046,0.0,213.40675252840046,0.0,6.81456340954972,0.0,0,0,511,1
single-blocker,11,completed,4,512,13.1015625,4.888914936651332,299.03125,34.52756861975176,1675.3125,20.265297719665178,961.5,40.38564101261734,456.3282790293031,23.031517541533397,456.3282790293031,23.031517541533397,18.17327340152855,0.47019087091027134,0,0,511,1
single-blocker,11,intersection,4,512,13.6171875,4.595755833340964,300.96875,33.20051337768238,1675.8125,19.892811725176845,963.5,38.82009788756334,458.3113252625409,21.521091820934732,458.3113252625409,21.521091820934732,18.22731210975908,0.4242649797887695,0,0,511,1
single-blocker,11,known,4,512,0.0,0.0,240.0,0.0,1660.4375,21.15456511016003,896.5,5.802298395176403,394.78786848907436,1.5721337721940865,394.78786848907436,1.5721337721940865,13.342336064749645,0.015140157363337601,0,0,511,1
single-blocker,11,plugin,4,512,2.11328125,0.9710678755938829,242.953125,1.187637053494599,1662.3125,20.54707501486931,898.25,6.701989754294367,398.72282509699653,2.7660242492378506,398.72282509699653,2.7660242492378506,15.25351381009055,0.5248477305684779,0,0,511,1
single-blocker,11,prefix,4,512,124.0,0.0,416.0,0.0,1789.25,4.036293679437445,1024.0,0.0,486.51688254761666,1.1785107877495373,486.51688254761666,1.1785107877495373,18.73576159013567,0.03084073708433599,0,0,511,1
single-blocker,11,product,4,512,0.0,0.0,240.0,0.0,1660.4375,21.15456511016003,896.5,5.802298395176403,394.78786848907436,1.5721337721940865,394.78786848907436,1.5721337721940865,13.342336064749645,0.015140157363337601,0,0,511,1
single-blocker,11,safe,4,512,132.0,0.0,0.0,0.0,1798.0,5.597618541248888,512.0,0.0,213.40675252840046,0.0,213.40675252840046,0.0,6.81456340954972,0.0,0,0,511,1
single-blocker,12,completed,4,512,10.287109375,2.555880797693474,377.3046875,26.42720907620197,1743.875,21.476246568398928,997.5,30.870698080866262,476.2874991867518,15.873005321921058,476.2874991867518,15.873005321921058,18.578326325213204,0.2856537280144211,0,0,511,1
single-blocker,12,intersection,4,512,10.5390625,2.505089221007574,378.9375,24.707402315230684,1744.875,21.998579499594968,999.25,29.067450295247202,477.3750203863659,14.922438958738155,477.3750203863659,14.922438958738155,18.600434919623062,0.2671589976112006,0,0,511,1
single-blocker,12,known,4,512,0.0,0.0,288.0,0.0,1733.375,20.13961684508091,889.75,10.436314802968846,392.9422116110326,2.8441182835355474,392.9422116110326,2.8441182835355474,13.324402095214744,0.02754686758076928,0,0,511,1
single-blocker,12,plugin,4,512,28.111328125,31.933490538824035,149.7265625,164.60510544613217,1765.6875,45.4465689023935,704.75,212.187613524761,310.0488009825922,101.24595374233093,310.0488009825922,101.24595374233093,13.103307649352349,2.856814916972291,0,0,511,1
single-blocker,12,prefix,4,512,12.0,0.0,400.0,0.0,1744.75,17.610366265356323,1024.0,0.0,488.8237202080308,2.0117597030793295,488.8237202080308,2.0117597030793295,18.795261498595146,0.05172204302120158,0,0,511,1
single-blocker,12,product,4,512,0.0,0.0,288.0,0.0,1733.375,20.13961684508091,889.75,10.436314802968846,392.9422116110326,2.8441182835355474,392.9422116110326,2.8441182835355474,13.324402095214744,0.02754686758076928,0,0,511,1
single-blocker,12,safe,4,512,56.0,0.0,0.0,0.0,1788.5,17.76701062831524,512.0,0.0,213.40675252840046,0.0,213.40675252840046,0.0,6.81456340954972,0.0,0,0,511,1
single-blocker,13,completed,4,512,0.0,0.0,384.0,0.0,1724.625,4.254899137073248,1024.0,0.0,494.83659404834236,2.2445717160540624,494.83659404834236,2.2445717160540624,18.9449641008646,0.054547738342644994,0,0,511,1
single-blocker,13,intersection,4,512,0.0,0.0,384.0,0.0,1722.1875,6.637566697718876,1024.0,0.0,495.79807804154905,3.2843361781688367,495.79807804154905,3.2843361781688367,18.967702880081323,0.07917135729428267,0,0,511,1
single-blocker,13,known,4,512,0.0,0.0,384.0,0.0,1716.1875,6.5808275822016995,1024.0,0.0,486.72734245021934,1.2684849016700916,486.72734245021934,1.2684849016700916,18.741245631196815,0.03333509538775805,0,0,511,1
single-blocker,13,plugin,4,512,5.8515625,3.9026337427701736,313.78125,46.83160491324208,1727.0625,12.121563086775016,934.75,59.706923105002375,421.71667688358775,44.91008688925083,421.71667688358775,44.91008688925083,15.84279168315338,1.972499461624195,0,0,511,1
single-blocker,13,prefix,4,512,0.0,0.0,384.0,0.0,1716.1875,6.5808275822016995,1024.0,0.0,486.72734245021934,1.2684849016700916,486.72734245021934,1.2684849016700916,18.741245631196815,0.03333509538775805,0,0,511,1
single-blocker,13,product,4,512,0.0,0.0,384.0,0.0,1716.1875,6.5808275822016995,1024.0,0.0,486.72734245021934,1.2684849016700916,486.72734245021934,1.2684849016700916,18.741245631196815,0.03333509538775805,0,0,511,1
single-blocker,13,safe,4,512,64.0,0.0,0.0,0.0,1791.5,14.479871085982316,512.0,0.0,213.40675252840046,0.0,213.40675252840046,0.0,6.81456340954972,0.0,0,0,511,1
single-blocker,14,completed,4,512,17.9921875,8.536156441682346,346.28125,4.87780368096134,1662.4375,9.870779688893206,1024.0,0.0,497.64457540632486,1.7334564094073293,497.64457540632486,1.7334564094073293,19.012328172798785,0.04097690040403978,0,0,511,1
single-blocker,14,intersection,4,512,18.375,8.693764602791473,346.5,4.967865487309414,1661.875,12.578917547494564,1024.0,0.0,497.7380529788302,1.7418943475915294,497.7380529788302,1.7418943475915294,19.014534162579633,0.04119146798688335,0,0,511,1
single-blocker,14,known,4,512,0.0,0.0,336.0,0.0,1633.8125,11.701807196611414,1024.0,0.0,488.03661651288974,2.7217442585622416,488.03661651288974,2.7217442585622416,18.774705438990846,0.07053913630823727,0,0,511,1
single-blocker,14,plugin,4,512,4.87109375,2.892816595996524,313.984375,48.205921549077694,1640.5,9.445016322555157,995.75,56.5,469.3321252552434,44.712606494838234,469.3321252552434,44.712606494838234,18.012588830361423,1.7091965222676144,0,0,511,1
single-blocker,14,prefix,4,512,56.0,0.0,368.0,0.0,1693.75,10.826279754991248,1024.0,0.0,488.7461025337423,1.7716476424693766,488.7461025337423,1.7716476424693766,18.79335840514983,0.04536670690026867,0,0,511,1
single-blocker,14,product,4,512,0.0,0.0,336.0,0.0,1633.8125,11.701807196611414,1024.0,0.0,488.03661651288974,2.7217442585622416,488.03661651288974,2.7217442585622416,18.774705438990846,0.07053913630823727,0,0,511,1
single-blocker,14,safe,4,512,140.0,0.0,0.0,0.0,1783.75,6.751543033509698,512.0,0.0,213.40675252840046,0.0,213.40675252840046,0.0,6.81456340954972,0.0,0,0,511,1
single-blocker,15,completed,4,512,10.435546875,1.468062436029452,325.8984375,2.4829332818848893,1667.375,29.083572109812554,992.75,1.707825127659933,473.55177813659225,0.6308806505060299,473.55177813659225,0.6308806505060299,18.532912313576794,0.023889948274062343,0,0,511,1
single-blocker,15,intersection,4,512,11.435546875,1.032716267421694,337.1484375,9.975274608532088,1669.5625,28.99667725217265,1004.25,13.275918047351754,479.15871563490975,5.836361220474061,479.15871563490975,5.836361220474061,18.63039276877098,0.0950179946325428,0,0,511,1
single-blocker,15,known,4,512,0.0,0.0,240.0,0.0,1657.625,24.886827171551353,893.75,5.377421934967226,394.0427343747117,1.4616207351773185,394.0427343747117,1.4616207351773185,13.33515998182066,0.01411948138760799,0,0,511,1
single-blocker,15,plugin,4,512,0.697265625,0.7716170442361477,242.1953125,0.9331060223566952,1659.375,24.92697668524337,896.25,4.924428900898052,397.08998544043834,1.6391099984095425,397.08998544043834,1.6391099984095425,14.91654520166638,0.17559650192008344,0,0,511,1
single-blocker,15,prefix,4,512,12.0,0.0,352.0,0.0,1668.625,26.627445114643148,1024.0,0.0,488.1160104970599,1.0574070056078277,488.1160104970599,1.0574070056078277,18.777345106671206,0.02725629578279469,0,0,511,1
single-blocker,15,product,4,512,0.0,0.0,240.0,0.0,1657.625,24.886827171551353,893.75,5.377421934967226,394.0427343747117,1.4616207351773185,394.0427343747117,1.4616207351773185,13.33515998182066,0.01411948138760799,0,0,511,1
single-blocker,15,safe,4,512,132.0,0.0,0.0,0.0,1792.5,13.674794331177344,512.0,0.0,213.40675252840046,0.0,213.40675252840046,0.0,6.81456340954972,0.0,0,0,511,1
single-blocker,16,completed,4,512,2.2421875,2.7691538221314107,337.28125,1.5823736126465204,1647.5625,19.603757080383,1024.0,0.0,490.33972737156984,2.4681730845578405,490.33972737156984,2.4681730845578405,18.83363294465114,0.06282414007571949,0,0,511,1
single-blocker,16,intersection,4,512,2.1328125,2.6196777642568305,337.21875,1.4969587224324747,1647.8125,20.00455677256226,1024.0,0.0,490.2638690889792,2.3936697091437313,490.2638690889792,2.3936697091437313,18.831748923733343,0.06098288399314615,0,0,511,1
single-blocker,16,known,4,512,0.0,0.0,336.0,0.0,1647.0,15.371781505950008,1024.0,0.0,488.6462407984385,2.254960441409017,488.6462407984385,2.254960441409017,18.79062356147684,0.05733645576436949,0,0,511,1
single-blocker,16,plugin,4,512,20.69921875,41.32555299770841,324.203125,23.635435030108923,1663.125,43.09123073975338,991.75,64.5,466.493276211661,44.731815292431065,466.493276211661,44.731815292431065,18.038935711258855,1.5136567880674427,0,0,511,1
single-blocker,16,prefix,4,512,0.0,0.0,336.0,0.0,1647.0,15.371781505950008,1024.0,0.0,488.6462407984385,2.254960441409017,488.6462407984385,2.254960441409017,18.79062356147684,0.05733645576436949,0,0,511,1
single-blocker,16,product,4,512,0.0,0.0,336.0,0.0,1647.0,15.371781505950008,1024.0,0.0,488.6462407984385,2.254960441409017,488.6462407984385,2.254960441409017,18.79062356147684,0.05733645576436949,0,0,511,1
single-blocker,16,safe,4,512,140.0,0.0,0.0,0.0,1791.0,14.65150731722394,512.0,0.0,213.40675252840046,0.0,213.40675252840046,0.0,6.81456340954972,0.0,0,0,511,1
single-blocker,17,completed,4,512,0.0,0.0,320.0,0.0,1629.5,21.214185505615497,1024.0,0.0,490.047242964447,2.7748937844849935,490.047242964447,2.7748937844849935,18.82609010051334,0.0708300082610243,0,0,511,1
single-blocker,17,intersection,4,512,0.0,0.0,320.0,0.0,1628.9375,22.26298778241591,1024.0,0.0,489.9323070451914,2.6635513672009004,489.9323070451914,2.6635513672009004,18.823232199794656,0.06807310937604265,0,0,511,1
single-blocker,17,known,4,512,0.0,0.0,320.0,0.0,1630.75,15.35822255340767,1024.0,0.0,487.2982755705884,1.308263173440445,487.2982755705884,1.308263173440445,18.756118932473477,0.03395374742713245,0,0,511,1
single-blocker,17,plugin,4,512,6.931640625,13.86328125,300.1953125,39.609375,1645.25,14.043088454230192,993.75,60.5,465.7930930332032,43.743709774847645,465.7930930332032,43.743709774847645,17.931513501682847,1.6681472171515423,0,0,511,1
single-blocker,17,prefix,4,512,0.0,0.0,320.0,0.0,1630.75,15.35822255340767,1024.0,0.0,487.2982755705884,1.308263173440445,487.2982755705884,1.308263173440445,18.756118932473477,0.03395374742713245,0,0,511,1
single-blocker,17,product,4,512,0.0,0.0,320.0,0.0,1630.75,15.35822255340767,1024.0,0.0,487.2982755705884,1.308263173440445,487.2982755705884,1.308263173440445,18.756118932473477,0.03395374742713245,0,0,511,1
single-blocker,17,safe,4,512,160.0,0.0,0.0,0.0,1789.75,14.430869689661812,512.0,0.0,213.40675252840046,0.0,213.40675252840046,0.0,6.81456340954972,0.0,0,0,511,1
single-blocker,18,completed,4,512,11.57666015625,2.2916592915734193,288.642578125,22.878280209905544,1760.1875,19.12282122665656,866.75,27.439327008268016,432.8698995558475,14.822840750840163,432.8698995558475,14.822840750840163,18.037257526673685,0.291116229251589,0,0,511,1
single-blocker,18,intersection,4,512,12.3779296875,2.332794217998105,294.68359375,23.855809992749275,1761.3125,19.694939070735913,873.75,30.81531004765867,436.73649477100736,15.75920717670043,436.73649477100736,15.75920717670043,18.1122471576458,0.29581303240370754,0,0,511,1
single-blocker,18,known,4,512,0.0,0.0,200.0,0.0,1747.0625,19.94510696052209,765.0,20.0,355.33970548160704,6.6619936249948015,355.33970548160704,6.6619936249948015,12.920862674886564,0.0786011681970714,0,0,511,1
single-blocker,18,plugin,4,512,0.81494140625,0.1166695912312476,202.681640625,0.9920413893402142,1748.1875,20.22516481185423,767.5,19.95828983989694,358.513281904396,7.249891469763938,358.513281904396,7.249891469763938,14.562921806307553,0.3583502785499669,0,0,511,1
single-blocker,18,prefix,4,512,108.0,0.0,472.0,0.0,1859.0,22.704625079485456,1024.0,0.0,452.9394314064773,5.675525561521499,452.9394314064773,5.675525561521499,17.653858108236882,0.22965009403758838,0,0,511,1
single-blocker,18,product,4,512,34.0,0.0,0.0,0.0,1789.0,20.0,512.0,0.0,213.40675252840046,0.0,213.40675252840046,0.0,6.81456340954972,0.0,0,0,511,1
single-blocker,18,safe,4,512,34.0,0.0,0.0,0.0,1789.0,20.0,512.0,0.0,213.40675252840046,0.0,213.40675252840046,0.0,6.81456340954972,0.0,0,0,511,1
single-blocker,19,completed,4,512,14.6083984375,3.6760906720302247,263.85546875,29.829207094153297,1679.0625,14.06291666049401,900.0,46.2240918425302,447.0839991764201,21.680969922963648,447.0839991764201,21.680969922963648,18.263174201712406,0.37688611462544963,0,0,511,1
single-blocker,19,intersection,4,512,15.3876953125,3.159228842272795,266.45703125,26.336777988912,1679.625,14.036410984768626,903.5,40.599671591446814,449.4147029397045,17.908537192446104,449.4147029397045,17.908537192446104,18.31452554759462,0.29202760889355334,0,0,511,1
single-blocker,19,known,4,512,0.0,0.0,168.0,0.0,1666.125,12.971924812198587,795.5,18.156725108528427,365.27797317448085,5.796775726290741,365.27797317448085,5.796775726290741,13.035636817452284,0.06559070925904353,0,0,511,1
single-blocker,19,plugin,4,512,1.623046875,0.33684848018101615,170.09375,1.0998157693734438,1667.0625,13.254519669405854,796.75,19.05037182489273,368.5829967478201,7.400147804039347,368.5829967478201,7.400147804039347,14.798297647727063,0.5877106704874958,0,0,511,1
single-blocker,19,prefix,4,512,203.0,0.0,468.0,0.0,1861.9375,10.693407236860164,1024.0,0.0,448.4339099547274,5.5498350563950085,448.4339099547274,5.5498350563950085,17.453080898332345,0.26120819772556686,0,0,511,1
single-blocker,19,product,4,512,0.0,0.0,168.0,0.0,1666.125,12.971924812198587,795.5,18.156725108528427,365.27797317448085,5.796775726290741,365.27797317448085,5.796775726290741,13.035636817452284,0.06559070925904353,0,0,511,1
single-blocker,19,safe,4,512,134.0,0.0,0.0,0.0,1791.0,11.832159566199232,512.0,0.0,213.40675252840046,0.0,213.40675252840046,0.0,6.81456340954972,0.0,0,0,511,1
single-blocker,20,completed,4,512,18.4296875,5.12587749133281,206.9375,52.018611218350856,1564.0,8.507349763586777,903.75,62.40926747420343,446.69560632096966,29.02567966233155,446.69560632096966,29.02567966233155,18.223546271720068,0.4876506600488461,0,0,511,1
single-blocker,20,intersection,4,512,19.66015625,5.35765411359407,214.828125,53.55391042318556,1565.4375,9.717627882701965,913.25,62.40926747420343,451.47502245619296,29.335932147847842,451.47502245619296,29.335932147847842,18.308062974490568,0.4983475539383199,0,0,511,1
single-blocker,20,known,4,512,0.0,0.0,108.0,0.0,1550.625,13.736356867816154,797.75,6.020797289396148,366.0508742005688,1.8885729999023075,366.0508742005688,1.8885729999023075,13.044979714922315,0.020992820371662647,0,0,511,1
single-blocker,20,plugin,4,512,4.2109375,2.6936485277315825,116.15625,7.4425807663431955,1553.1875,11.295970889362868,804.75,10.781929326423912,375.10949956860424,8.868786975384351,375.10949956860424,8.868786975384351,15.56202207463399,0.9321752763705294,0,0,511,1
single-blocker,20,prefix,4,512,301.0,0.0,464.0,0.0,1845.5,13.823289526495975,1024.0,0.0,452.41217517859764,3.950923202816263,452.41217517859764,3.950923202816263,17.63813237282938,0.15724855686465228,0,0,511,1
single-blocker,20,product,4,512,0.0,0.0,108.0,0.0,1550.625,13.736356867816154,797.75,6.020797289396148,366.0508742005688,1.8885729999023075,366.0508742005688,1.8885729999023075,13.044979714922315,0.020992820371662647,0,0,511,1
single-blocker,20,safe,4,512,237.0,0.0,0.0,0.0,1787.75,3.4034296427770228,512.0,0.0,213.40675252840046,0.0,213.40675252840046,0.0,6.81456340954972,0.0,0,0,511,1
single-blocker,21,completed,4,512,2.9462890625,0.3431150178088443,379.02734375,0.8261203133535797,1756.5625,10.102340900339222,999.75,4.573474244670748,491.0559321490289,1.3598860753657995,491.0559321490289,1.3598860753657995,18.952167508228236,0.01411549190682407,0,0,511,1
single-blocker,21,intersection,4,512,3.1923828125,0.3409811695079134,379.52734375,0.7079837908999635,1756.625,10.050912064749813,1000.0,4.242640687119285,491.1513437678297,1.251914008880466,491.1513437678297,1.251914008880466,18.953438333622078,0.012860705686753971,0,0,511,1
single-blocker,21,known,4,512,0.0,0.0,368.0,0.0,1750.125,10.37725879025863,983.5,3.6968455021364726,485.45988192403945,1.3767283994051016,485.45988192403945,1.3767283994051016,18.88389855314073,0.018385413334393527,0,0,511,1
single-blocker,21,plugin,4,512,4.59375,6.55861643366387,327.9609375,84.16940349497862,1755.125,15.315433392496603,932.0,106.69895344691375,454.62813921052265,63.244626077280365,454.62813921052265,63.244626077280365,17.78125381805621,2.2282660005295365,0,0,511,1
single-blocker,21,prefix,4,512,73.0,0.0,436.0,0.0,1820.625,7.578753195612059,1024.0,0.0,456.7595498412916,2.282927957738222,456.7595498412916,2.282927957738222,17.809470497021504,0.08591707904232733,0,0,511,1
single-blocker,21,product,4,512,70.0,0.0,408.0,0.0,1815.1875,7.914583059138365,983.5,3.6968455021364726,417.12847867334114,0.9022825968866854,417.12847867334114,0.9022825968866854,13.546614282130914,0.007841799474567724,0,0,511,1
single-blocker,21,safe,4,512,48.0,0.0,0.0,0.0,1788.75,8.421203397773187,512.0,0.0,213.40675252840046,0.0,213.40675252840046,0.0,6.81456340954972,0.0,0,0,511,1
single-blocker,22,completed,4,512,5.66015625,1.7440082974017783,339.234375,0.9965761699438734,1646.0,16.024720486381867,1024.0,0.0,499.14362277067255,0.12844720021965075,499.14362277067255,0.12844720021965075,19.047756448579918,0.0029964319373200782,0,0,511,1
single-blocker,22,intersection,4,512,5.98828125,1.7440082974017783,339.421875,0.9965761699438734,1645.4375,16.4789954689801,1024.0,0.0,499.15817768202976,0.1288095090300516,499.15817768202976,0.1288095090300516,19.04809597837032,0.0030050580551523143,0,0,511,1
single-blocker,22,known,4,512,0.0,0.0,336.0,0.0,1643.5625,13.508292206394312,1024.0,0.0,498.85352372846705,0.12276533132604932,498.85352372846705,0.12276533132604932,19.040980293224425,0.0028714908900244586,0,0,511,1
single-blocker,22,plugin,4,512,12.01953125,5.765625,211.359375,83.625,1657.25,12.56151530137454,856.5,111.02101903093245,401.567440709704,64.86698945258358,401.567440709704,64.86698945258358,15.670754491662077,2.2495359641097,0,0,511,1
single-blocker,22,prefix,4,512,168.0,0.0,432.0,0.0,1812.9375,15.652974956857243,1024.0,0.0,447.59004017921944,1.992473336731155,447.59004017921944,1.992473336731155,17.434700265082718,0.08987583607629453,0,0,511,1
single-blocker,22,product,4,512,168.0,0.0,432.0,0.0,1812.9375,15.652974956857243,1024.0,0.0,447.59004017921944,1.992473336731155,447.59004017921944,1.992473336731155,17.434700265082718,0.08987583607629453,0,0,511,1
single-blocker,22,safe,4,512,148.0,0.0,0.0,0.0,1795.25,2.6299556396765835,512.0,0.0,213.40675252840046,0.0,213.40675252840046,0.0,6.81456340954972,0.0,0,0,511,1
single-blocker,23,completed,4,512,7.4033203125,0.779296875,280.23046875,0.4453125,1541.625,18.462236231471707,1024.0,0.0,499.0434499476323,0.33112788902111545,499.0434499476323,0.33112788902111545,19.045411482124152,0.007735926361736107,0,0,511,1
single-blocker,23,intersection,4,512,8.052734375,0.51953125,280.6015625,0.296875,1542.8125,18.23158317316409,1024.0,0.0,499.07463541342713,0.3178830898053064,499.07463541342713,0.3178830898053064,19.046140197307047,0.007424425563236086,0,0,511,1
single-blocker,23,known,4,512,0.0,0.0,276.0,0.0,1533.4375,18.364793083506278,1024.0,0.0,498.72014239580557,0.4085766109898672,498.72014239580557,0.4085766109898672,19.03784759854064,0.009569444417450773,0,0,511,1
single-blocker,23,plugin,4,512,6.4462890625,6.373318219718943,236.19921875,83.36350629699369,1540.3125,16.85399927811398,970.0,108.0,467.3828628067825,63.1215883796785,467.3828628067825,63.1215883796785,18.068975073749005,1.9481923063977775,0,0,511,1
single-blocker,23,prefix,4,512,266.0,0.0,428.0,0.0,1806.375,18.72776459342296,1024.0,0.0,449.59911870960866,3.6501618184877844,449.59911870960866,3.6501618184877844,17.519746658636105,0.15713043200942212,0,0,511,1
single-blocker,23,product,4,512,0.0,0.0,276.0,0.0,1533.4375,18.364793083506278,1024.0,0.0,498.72014239580557,0.4085766109898672,498.72014239580557,0.4085766109898672,19.03784759854064,0.009569444417450773,0,0,511,1
single-blocker,23,safe,4,512,251.0,0.0,0.0,0.0,1794.75,4.645786621588785,512.0,0.0,213.40675252840046,0.0,213.40675252840046,0.0,6.81456340954972,0.0,0,0,511,1
single-blocker,24,completed,4,512,2.61376953125,0.2848277529606412,350.978515625,3.2546252081873006,1710.1875,20.929818242561655,1003.5,3.109126351029605,492.5253901092598,1.0273651731494273,492.5253901092598,1.0273651731494273,18.972132838579128,0.012040168510494885,0,0,511,1
single-blocker,24,intersection,4,512,2.7353515625,0.2930707287790053,351.39453125,3.449420028810097,1710.125,21.167486860749435,1004.5,3.6968455021364726,492.8608773940781,1.232868324738797,492.8608773940781,1.232868324738797,18.97611571187116,0.014575861966289193,0,0,511,1
single-blocker,24,known,4,512,0.0,0.0,340.0,0.0,1709.1875,21.944413677896858,994.25,1.2583057392117916,489.36395447265085,0.43451520512554437,489.36395447265085,0.43451520512554437,18.93390464508795,0.005354237835814059,0,0,511,1
single-blocker,24,plugin,4,512,0.673828125,0.20491374860777298,341.2578125,0.6532358857226334,1709.375,21.857016417312465,995.25,1.2583057392117916,489.720752393525,0.4260005611750379,489.720752393525,0.4260005611750379,18.93839711982063,0.005154421428409328,0,0,511,1
single-blocker,24,prefix,4,512,59.0,0.0,400.0,0.0,1759.375,7.0400639201643616,1024.0,0.0,449.48778573471657,0.952143880300573,449.48778573471657,0.952143880300573,17.521639875268953,0.04097550548228235,0,0,511,1
single-blocker,24,product,4,512,56.0,0.0,372.0,0.0,1756.3125,8.446831259906482,994.25,1.2583057392117916,419.73967468235594,0.30366456019842747,419.73967468235594,0.30366456019842747,13.56920200543232,0.0026100309139546504,0,0,511,1
single-blocker,24,safe,4,512,83.0,0.0,0.0,0.0,1786.25,3.2015621187164243,512.0,0.0,213.40675252840046,0.0,213.40675252840046,0.0,6.81456340954972,0.0,0,0,511,1
single-blocker,25,completed,4,512,4.51171875,0.5491489183320025,310.578125,0.3137993819040014,1606.8125,8.11987017548105,1024.0,0.0,498.89433649556923,0.37757695140127007,498.89433649556923,0.37757695140127007,19.0419250346185,0.008837762311797125,0,0,511,1
single-blocker,25,intersection,4,512,4.8876953125,0.5136817766789642,310.79296875,0.29353244381655097,1606.8125,8.11987017548105,1024.0,0.0,498.90788716410304,0.3519883198300876,498.90788716410304,0.3519883198300876,19.04224323072159,0.008236713067913378,0,0,511,1
single-blocker,25,known,4,512,0.0,0.0,308.0,0.0,1601.8125,10.18245017992559,1024.0,0.0,498.5655398835606,0.49816658603411584,498.5655398835606,0.49816658603411584,19.034219082725585,0.01169473177626544,0,0,511,1
single-blocker,25,plugin,4,512,14.31005859375,23.5690693690255,274.091796875,69.84506324938701,1615.625,31.823405956413065,967.25,111.50298949654518,465.9871786484762,64.77927298866936,465.9871786484762,64.77927298866936,17.910846842997188,2.245585478487941,0,0,511,1
single-blocker,25,prefix,4,512,154.0,0.0,396.0,0.0,1767.375,21.261761451018117,1024.0,0.0,455.19734823970634,6.90773283022399,455.19734823970634,6.90773283022399,17.740057347360338,0.26454378195684386,0,0,511,1
single-blocker,25,product,4,512,154.0,0.0,396.0,0.0,1767.375,21.261761451018117,1024.0,0.0,455.19734823970634,6.90773283022399,455.19734823970634,6.90773283022399,17.740057347360338,0.26454378195684386,0,0,511,1
single-blocker,25,safe,4,512,183.0,0.0,0.0,0.0,1789.25,13.865424623862047,512.0,0.0,213.40675252840046,0.0,213.40675252840046,0.0,6.81456340954972,0.0,0,0,511,1
single-blocker,26,completed,4,512,7.505859375,1.3553786893711892,252.2890625,0.7745021082121081,1522.5625,21.06376727147038,1024.0,0.0,499.01440623493573,0.16824009516047891,499.01440623493573,0.16824009516047891,19.04473934494731,0.0039289985584654635,0,0,511,1
single-blocker,26,intersection,4,512,8.12109375,1.024569984112237,252.640625,0.5854685623498498,1522.5625,21.06376727147038,1024.0,0.0,499.04211376343096,0.14819191366723497,499.04211376343096,0.14819191366723497,19.04538686075133,0.003459932947772846,0,0,511,1
single-blocker,26,known,4,512,0.0,0.0,248.0,0.0,1515.875,22.35182692011252,1024.0,0.0,498.6831655082488,0.2222548293555795,498.6831655082488,0.2222548293555795,19.03699054342465,0.005202792355252698,0,0,511,1
single-blocker,26,plugin,4,512,15.13134765625,23.396242515765355,214.892578125,70.15497469348246,1535.0625,25.40945936063969,969.25,109.5,466.7335367291774,64.22920513421768,466.7335367291774,64.22920513421768,17.920619138570274,2.2404614577554556,0,0,511,1
single-blocker,26,prefix,4,512,252.0,0.0,392.0,0.0,1762.8125,18.120401715561755,1024.0,0.0,450.69949688611445,5.113020954339532,450.69949688611445,5.113020954339532,17.56489827652826,0.20403881979645297,0,0,511,1
single-blocker,26,product,4,512,252.0,0.0,392.0,0.0,1762.8125,18.120401715561755,1024.0,0.0,450.69949688611445,5.113020954339532,450.69949688611445,5.113020954339532,17.56489827652826,0.20403881979645297,0,0,511,1
single-blocker,26,safe,4,512,286.0,0.0,0.0,0.0,1794.5,5.446711546122731,512.0,0.0,213.40675252840046,0.0,213.40675252840046,0.0,6.81456340954972,0.0,0,0,511,1
