scenario,algorithm,cells,pseudo_regret_mean,pseudo_regret_median,pseudo_regret_sample_sd,confidence_exclusions,safe_fallbacks,maximum_prefix_debt,maximum_unreturned,prefix_exposure_mean,completion_exposure_mean,intersection_exposure_mean,unresolved_mass_exposure_mean
outcome-lag-64,prefix,108,15.034378616898149,11.484375,14.323097265276933,0,0,64,52,562.281249497802,605.0503042635576,557.245373040128,200.8852877677173
outcome-lag-64,intersection,108,10.237630208333334,9.267578125,9.287977903702936,0,0,64,51,555.3798335847478,599.3831605696665,551.1392460462098,199.532418792276
outcome-lag-64,completed,108,12.871383101851851,12.7626953125,7.967928643083534,2234,2200,64,51,546.1402079818606,590.5491617544949,542.2847703609999,189.83493627211078
outcome-lag-64,plugin,108,13.31759982638889,10.1396484375,14.050604445231595,0,0,64,51,472.67201291614947,514.5560890454541,469.9857430258886,170.62103160693914
outcome-lag-64,safe,108,136.59259259259258,134.0,81.0193281470697,0,0,64,47,258.3987164483426,283.6869495583337,257.0515910092816,98.36663455921476
outcome-lag-64,known,108,0.0,0.0,0.0,0,0,64,51,514.6258567051622,560.612761357973,511.8184099300732,191.30317852122477
outcome-lag-64,product,108,38.81481481481482,0.0,66.09708918727667,0,0,64,56,487.7478746830477,539.9376989285873,485.97833804539954,196.7308130550026
single-blocker,prefix,108,72.5925925925926,24.0,91.12516164487408,0,0,511,1,1024.0,479.3712652413403,479.3712652413403,18.467756882308173
single-blocker,intersection,108,7.511519820601852,7.3486328125,7.077182181667973,0,0,511,1,975.0555555555555,476.2887214083311,476.2887214083311,18.678765223775073
single-blocker,completed,108,7.168619791666667,6.97265625,6.787570285293693,0,0,511,1,972.7037037037037,475.01702407187463,475.01702407187463,18.654694906140655
single-blocker,plugin,108,9.35033275462963,1.6328125,17.274537757887806,0,0,511,1,865.324074074074,405.27925445692193,405.27925445692193,16.016573136331683
single-blocker,safe,108,136.59259259259258,134.0,81.0193281470697,0,0,511,1,512.0,213.40675252840046,213.40675252840046,6.81456340954972
single-blocker,known,108,0.0,0.0,0.0,0,0,511,1,928.074074074074,439.12423806118784,439.12423806118784,16.340525768006728
single-blocker,product,108,38.81481481481482,0.0,66.09708918727667,0,0,511,1,909.3703703703703,411.3280964321944,411.3280964321944,14.87887952601751
